,TF,Target,Label
0,9,1235,1
1,9,1148,1
2,9,1420,1
3,9,472,1
4,15,47,1
5,15,38,1
6,15,620,1
7,15,922,1
8,31,610,1
9,31,1089,1
10,36,644,1
11,36,1026,1
12,36,478,1
13,43,838,1
14,43,493,1
15,43,969,1
16,43,495,1
17,43,341,1
18,43,659,1
19,44,341,1
20,47,610,1
21,47,15,1
22,48,661,1
23,48,614,1
24,48,1323,1
25,48,747,1
26,48,645,1
27,48,1228,1
28,48,1445,1
29,48,981,1
30,48,704,1
31,48,1165,1
32,48,1127,1
33,48,587,1
34,48,325,1
35,48,1295,1
36,48,1215,1
37,48,477,1
38,48,487,1
39,48,1196,1
40,48,904,1
41,48,876,1
42,48,80,1
43,48,992,1
44,48,798,1
45,48,268,1
46,52,285,1
47,52,375,1
48,52,826,1
49,53,494,1
50,53,1005,1
51,57,740,1
52,57,341,1
53,57,887,1
54,57,491,1
55,57,101,1
56,57,255,1
57,57,375,1
58,57,592,1
59,57,1390,1
60,57,427,1
61,60,1235,1
62,60,1288,1
63,60,819,1
64,60,181,1
65,60,1411,1
66,61,1062,1
67,61,1280,1
68,61,153,1
69,61,1402,1
70,61,1210,1
71,61,552,1
72,61,587,1
73,61,627,1
74,61,838,1
75,61,954,1
76,61,899,1
77,61,815,1
78,61,442,1
79,61,392,1
80,61,1196,1
81,61,992,1
82,61,550,1
83,61,1215,1
84,61,97,1
85,61,1340,1
86,61,308,1
87,61,134,1
88,61,661,1
89,61,516,1
90,61,1177,1
91,61,902,1
92,61,68,1
93,61,390,1
94,65,1363,1
95,65,495,1
96,75,904,1
97,75,74,1
98,75,664,1
99,75,179,1
100,80,1260,1
101,80,838,1
102,80,1371,1
103,80,882,1
104,80,255,1
105,80,55,1
106,80,604,1
107,80,386,1
108,80,427,1
109,80,880,1
110,80,1088,1
111,80,592,1
112,80,48,1
113,80,1145,1
114,80,985,1
115,81,294,1
116,81,806,1
117,81,427,1
118,81,1383,1
119,86,52,1
120,86,826,1
121,88,1014,1
122,88,763,1
123,88,983,1
124,89,1184,1
125,89,1148,1
126,93,1005,1
127,97,61,1
128,97,1124,1
129,97,997,1
130,97,1352,1
131,97,351,1
132,98,1288,1
133,101,57,1
134,110,964,1
135,110,99,1
136,110,902,1
137,110,222,1
138,110,11,1
139,110,442,1
140,110,31,1
141,110,1236,1
142,110,424,1
143,110,1106,1
144,110,930,1
145,110,1159,1
146,110,495,1
147,110,764,1
148,110,810,1
149,110,1016,1
150,110,417,1
151,110,80,1
152,110,1440,1
153,110,819,1
154,110,975,1
155,110,1062,1
156,110,788,1
157,110,693,1
158,110,877,1
159,110,1066,1
160,112,900,1
161,112,838,1
162,113,1369,1
163,113,1062,1
164,113,344,1
165,113,930,1
166,113,177,1
167,121,610,1
168,125,1194,1
169,125,1262,1
170,125,1221,1
171,125,724,1
172,125,732,1
173,125,415,1
174,125,398,1
175,129,1196,1
176,129,375,1
177,132,844,1
178,132,1090,1
179,140,440,1
180,140,415,1
181,140,126,1
182,140,237,1
183,140,901,1
184,140,838,1
185,140,693,1
186,140,88,1
187,140,678,1
188,140,318,1
189,140,1194,1
190,140,1418,1
191,140,1185,1
192,140,1053,1
193,140,262,1
194,140,992,1
195,140,1016,1
196,140,150,1
197,140,195,1
198,140,817,1
199,140,1175,1
200,140,1112,1
201,140,501,1
202,140,323,1
203,140,167,1
204,140,1215,1
205,140,1045,1
206,140,1270,1
207,140,334,1
208,140,1349,1
209,140,626,1
210,140,1362,1
211,140,411,1
212,140,296,1
213,140,142,1
214,140,625,1
215,140,599,1
216,140,792,1
217,140,731,1
218,140,1010,1
219,140,358,1
220,140,915,1
221,140,154,1
222,140,174,1
223,140,2,1
224,147,550,1
225,149,747,1
226,158,1133,1
227,158,205,1
228,158,610,1
229,158,235,1
230,174,732,1
231,174,13,1
232,176,427,1
233,180,4,1
234,194,383,1
235,194,603,1
236,194,610,1
237,194,1256,1
238,197,283,1
239,200,1014,1
240,200,763,1
241,202,1383,1
242,202,796,1
243,204,1148,1
244,204,205,1
245,204,1138,1
246,204,351,1
247,205,274,1
248,205,1371,1
249,205,689,1
250,205,11,1
251,205,1051,1
252,205,1086,1
253,205,1396,1
254,205,410,1
255,205,589,1
256,205,963,1
257,205,829,1
258,205,996,1
259,205,649,1
260,205,209,1
261,205,1260,1
262,205,538,1
263,205,232,1
264,205,347,1
265,205,115,1
266,205,725,1
267,205,462,1
268,205,747,1
269,205,1124,1
270,205,348,1
271,205,1354,1
272,205,230,1
273,205,1218,1
274,205,381,1
275,205,364,1
276,205,540,1
277,205,150,1
278,205,1228,1
279,205,409,1
280,205,129,1
281,205,552,1
282,205,981,1
283,205,931,1
284,205,417,1
285,205,1001,1
286,205,99,1
287,205,784,1
288,205,693,1
289,205,346,1
290,205,383,1
291,205,856,1
292,205,1191,1
293,205,643,1
294,205,910,1
295,205,63,1
296,205,68,1
297,205,387,1
298,205,1107,1
299,205,1327,1
300,205,840,1
301,205,43,1
302,205,1286,1
303,205,7,1
304,205,580,1
305,205,992,1
306,205,1031,1
307,205,998,1
308,205,754,1
309,205,1230,1
310,205,1151,1
311,205,1168,1
312,205,378,1
313,205,322,1
314,205,1138,1
315,205,158,1
316,205,159,1
317,205,896,1
318,205,1350,1
319,205,1347,1
320,205,826,1
321,205,1062,1
322,205,1183,1
323,205,215,1
324,205,1040,1
325,205,1053,1
326,205,801,1
327,205,819,1
328,205,595,1
329,205,878,1
330,209,1127,1
331,212,835,1
332,212,1365,1
333,226,1344,1
334,235,1215,1
335,235,158,1
336,239,747,1
337,239,1401,1
338,239,691,1
339,239,1235,1
340,239,699,1
341,242,86,1
342,242,763,1
343,242,639,1
344,242,764,1
345,242,310,1
346,242,526,1
347,242,610,1
348,242,376,1
349,242,569,1
350,242,957,1
351,242,452,1
352,242,1260,1
353,242,1340,1
354,242,1295,1
355,242,930,1
356,242,294,1
357,242,975,1
358,242,1223,1
359,242,1211,1
360,242,453,1
361,242,235,1
362,242,508,1
363,242,837,1
364,242,779,1
365,242,1014,1
366,242,40,1
367,242,216,1
368,242,1142,1
369,242,427,1
370,242,661,1
371,242,1058,1
372,242,411,1
373,242,876,1
374,242,1316,1
375,244,568,1
376,255,351,1
377,257,571,1
378,257,1045,1
379,257,552,1
380,257,491,1
381,257,1078,1
382,257,561,1
383,257,162,1
384,257,1207,1
385,257,1215,1
386,257,714,1
387,257,661,1
388,257,1014,1
389,257,154,1
390,257,1036,1
391,257,1185,1
392,257,269,1
393,257,815,1
394,257,1240,1
395,257,1243,1
396,257,544,1
397,257,1057,1
398,257,665,1
399,257,1363,1
400,257,625,1
401,257,1372,1
402,257,392,1
403,257,617,1
404,257,68,1
405,257,1234,1
406,257,1007,1
407,257,944,1
408,257,1058,1
409,257,899,1
410,257,840,1
411,257,370,1
412,257,1062,1
413,257,308,1
414,257,179,1
415,257,1137,1
416,257,1210,1
417,257,242,1
418,257,301,1
419,257,378,1
420,257,158,1
421,257,194,1
422,257,1282,1
423,257,84,1
424,257,1230,1
425,257,759,1
426,257,718,1
427,257,976,1
428,257,501,1
429,257,1415,1
430,257,1297,1
431,257,902,1
432,257,734,1
433,257,1289,1
434,257,1399,1
435,257,1249,1
436,257,1287,1
437,257,487,1
438,257,424,1
439,257,1335,1
440,257,863,1
441,257,1148,1
442,257,1150,1
443,257,171,1
444,257,376,1
445,259,1042,1
446,259,1130,1
447,264,944,1
448,268,427,1
449,268,1364,1
450,268,387,1
451,271,351,1
452,274,427,1
453,283,197,1
454,285,1228,1
455,285,454,1
456,285,886,1
457,285,351,1
458,285,826,1
459,285,1329,1
460,285,341,1
461,294,351,1
462,294,110,1
463,294,4,1
464,294,81,1
465,313,28,1
466,313,1228,1
467,313,587,1
468,313,810,1
469,313,1223,1
470,318,415,1
471,318,724,1
472,318,123,1
473,318,1194,1
474,318,398,1
475,318,731,1
476,318,334,1
477,320,1138,1
478,320,1440,1
479,341,936,1
480,341,453,1
481,341,1186,1
482,341,1085,1
483,341,558,1
484,341,299,1
485,341,552,1
486,341,869,1
487,341,150,1
488,341,1188,1
489,341,958,1
490,341,959,1
491,341,500,1
492,341,417,1
493,341,149,1
494,341,344,1
495,341,602,1
496,341,80,1
497,341,1402,1
498,341,840,1
499,341,334,1
500,341,252,1
501,341,242,1
502,341,791,1
503,341,725,1
504,341,487,1
505,341,1260,1
506,341,957,1
507,341,110,1
508,341,188,1
509,341,283,1
510,341,1445,1
511,341,267,1
512,341,838,1
513,341,7,1
514,341,1396,1
515,341,996,1
516,341,179,1
517,341,1041,1
518,341,656,1
519,341,318,1
520,341,405,1
521,341,570,1
522,341,1114,1
523,341,26,1
524,341,723,1
525,341,359,1
526,341,1322,1
527,341,133,1
528,341,592,1
529,341,57,1
530,341,609,1
531,341,1016,1
532,341,1359,1
533,341,381,1
534,341,1001,1
535,341,909,1
536,341,914,1
537,341,1076,1
538,341,931,1
539,341,681,1
540,341,967,1
541,341,450,1
542,341,412,1
543,341,44,1
544,341,1311,1
545,341,823,1
546,341,313,1
547,341,355,1
548,341,577,1
549,341,1210,1
550,341,1040,1
551,341,214,1
552,341,1316,1
553,341,1183,1
554,341,652,1
555,341,129,1
556,341,649,1
557,341,855,1
558,341,1107,1
559,341,1364,1
560,341,1187,1
561,341,1031,1
562,341,754,1
563,341,153,1
564,341,1376,1
565,341,688,1
566,341,1254,1
567,341,890,1
568,341,877,1
569,341,463,1
570,341,1315,1
571,341,1399,1
572,341,900,1
573,341,71,1
574,341,616,1
575,341,410,1
576,341,373,1
577,341,1380,1
578,341,886,1
579,341,266,1
580,341,906,1
581,341,747,1
582,341,68,1
583,341,137,1
584,341,193,1
585,341,1177,1
586,341,1142,1
587,341,429,1
588,344,1001,1
589,344,614,1
590,344,310,1
591,344,886,1
592,344,981,1
593,344,696,1
594,344,1160,1
595,344,490,1
596,344,1058,1
597,344,487,1
598,344,483,1
599,344,1101,1
600,344,640,1
601,344,610,1
602,344,12,1
603,344,1087,1
604,344,1358,1
605,344,469,1
606,356,826,1
607,370,1016,1
608,370,515,1
609,375,940,1
610,375,833,1
611,375,512,1
612,375,1315,1
613,375,1060,1
614,375,238,1
615,375,1313,1
616,375,264,1
617,375,1416,1
618,375,270,1
619,375,1393,1
620,375,129,1
621,375,387,1
622,375,1133,1
623,375,52,1
624,375,57,1
625,375,1223,1
626,375,725,1
627,375,1364,1
628,375,1233,1
629,375,487,1
630,375,1169,1
631,375,703,1
632,375,866,1
633,375,874,1
634,375,967,1
635,375,405,1
636,375,845,1
637,375,484,1
638,375,89,1
639,375,265,1
640,375,693,1
641,375,344,1
642,375,587,1
643,375,1058,1
644,375,1178,1
645,375,174,1
646,375,701,1
647,375,592,1
648,375,424,1
649,375,533,1
650,375,188,1
651,375,817,1
652,375,1218,1
653,375,992,1
654,375,45,1
655,375,899,1
656,375,875,1
657,375,930,1
658,375,1108,1
659,382,181,1
660,382,610,1
661,382,310,1
662,382,845,1
663,382,1207,1
664,387,13,1
665,387,427,1
666,387,725,1
667,387,585,1
668,387,1086,1
669,387,1347,1
670,387,1329,1
671,387,193,1
672,387,135,1
673,387,685,1
674,387,498,1
675,387,660,1
676,387,613,1
677,387,911,1
678,387,1060,1
679,396,930,1
680,396,1364,1
681,398,963,1
682,398,125,1
683,398,318,1
684,398,724,1
685,398,1138,1
686,398,856,1
687,398,472,1
688,398,334,1
689,415,1425,1
690,415,318,1
691,415,963,1
692,415,731,1
693,415,724,1
694,415,334,1
695,415,1262,1
696,415,398,1
697,417,826,1
698,417,1127,1
699,420,55,1
700,420,606,1
701,420,1060,1
702,420,1364,1
703,420,1428,1
704,420,766,1
705,420,194,1
706,420,1209,1
707,420,725,1
708,420,660,1
709,420,132,1
710,420,835,1
711,420,856,1
712,420,193,1
713,420,387,1
714,420,1086,1
715,420,685,1
716,420,878,1
717,420,614,1
718,420,788,1
719,420,1417,1
720,420,1133,1
721,420,703,1
722,424,99,1
723,424,1076,1
724,424,581,1
725,424,257,1
726,424,1286,1
727,424,311,1
728,424,691,1
729,424,538,1
730,424,981,1
731,424,1191,1
732,424,348,1
733,424,505,1
734,424,711,1
735,427,826,1
736,427,896,1
737,427,317,1
738,427,1173,1
739,427,659,1
740,427,1162,1
741,427,754,1
742,427,311,1
743,427,1417,1
744,427,498,1
745,427,214,1
746,427,360,1
747,427,672,1
748,427,1048,1
749,427,115,1
750,427,585,1
751,427,1016,1
752,427,1364,1
753,427,1215,1
754,427,129,1
755,427,132,1
756,427,1086,1
757,427,780,1
758,427,1205,1
759,427,310,1
760,427,729,1
761,427,194,1
762,427,26,1
763,427,420,1
764,427,55,1
765,427,1353,1
766,427,1175,1
767,427,330,1
768,427,953,1
769,427,289,1
770,427,1209,1
771,427,976,1
772,427,930,1
773,427,835,1
774,427,1001,1
775,427,973,1
776,427,747,1
777,427,1228,1
778,427,318,1
779,427,222,1
780,427,685,1
781,427,614,1
782,427,376,1
783,427,193,1
784,427,962,1
785,427,254,1
786,427,1260,1
787,427,1439,1
788,427,596,1
789,427,25,1
790,427,525,1
791,427,1136,1
792,427,1139,1
793,427,452,1
794,427,788,1
795,427,1378,1
796,427,1068,1
797,427,412,1
798,427,613,1
799,427,411,1
800,427,230,1
801,427,303,1
802,427,734,1
803,427,992,1
804,427,278,1
805,427,329,1
806,427,982,1
807,427,387,1
808,427,936,1
809,427,911,1
810,427,1060,1
811,427,1138,1
812,427,606,1
813,427,1037,1
814,427,1059,1
815,427,496,1
816,427,689,1
817,427,1318,1
818,427,57,1
819,427,135,1
820,427,1133,1
821,427,1389,1
822,427,176,1
823,427,1087,1
824,427,1231,1
825,428,301,1
826,434,280,1
827,441,1380,1
828,444,844,1
829,444,747,1
830,444,1228,1
831,444,346,1
832,444,603,1
833,445,890,1
834,447,55,1
835,447,1440,1
836,447,807,1
837,447,132,1
838,447,40,1
839,447,874,1
840,447,863,1
841,447,878,1
842,447,1369,1
843,447,446,1
844,447,112,1
845,447,725,1
846,447,68,1
847,447,85,1
848,447,847,1
849,448,1207,1
850,448,1175,1
851,448,1270,1
852,448,767,1
853,448,358,1
854,448,154,1
855,448,411,1
856,448,323,1
857,448,915,1
858,448,195,1
859,448,334,1
860,448,817,1
861,448,786,1
862,448,126,1
863,448,501,1
864,448,1215,1
865,448,440,1
866,448,992,1
867,448,724,1
868,448,296,1
869,448,481,1
870,448,1250,1
871,448,599,1
872,448,318,1
873,448,1418,1
874,448,1112,1
875,448,283,1
876,448,295,1
877,448,99,1
878,448,1362,1
879,448,537,1
880,448,496,1
881,448,88,1
882,448,150,1
883,448,41,1
884,448,948,1
885,448,415,1
886,448,78,1
887,448,679,1
888,448,846,1
889,448,181,1
890,448,1365,1
891,448,1100,1
892,448,1237,1
893,453,109,1
894,453,341,1
895,467,1017,1
896,467,958,1
897,467,1426,1
898,467,205,1
899,467,1086,1
900,478,1148,1
901,491,351,1
902,491,1432,1
903,491,294,1
904,491,599,1
905,491,427,1
906,493,691,1
907,493,181,1
908,493,1299,1
909,493,1175,1
910,493,43,1
911,494,53,1
912,495,595,1
913,495,450,1
914,495,57,1
915,495,1288,1
916,495,351,1
917,495,592,1
918,495,1440,1
919,495,110,1
920,501,724,1
921,501,410,1
922,501,1288,1
923,501,731,1
924,501,1062,1
925,501,125,1
926,501,599,1
927,501,1425,1
928,501,1228,1
929,501,765,1
930,504,1016,1
931,504,610,1
932,515,838,1
933,515,826,1
934,515,1016,1
935,515,242,1
936,516,112,1
937,516,348,1
938,519,61,1
939,521,620,1
940,521,60,1
941,521,99,1
942,521,1205,1
943,521,1078,1
944,521,886,1
945,521,268,1
946,533,285,1
947,533,126,1
948,534,1208,1
949,540,896,1
950,540,153,1
951,540,23,1
952,540,1415,1
953,540,171,1
954,540,352,1
955,540,1443,1
956,540,1243,1
957,540,772,1
958,540,399,1
959,540,389,1
960,540,641,1
961,540,1309,1
962,540,1346,1
963,540,819,1
964,540,1403,1
965,540,756,1
966,540,767,1
967,540,619,1
968,540,325,1
969,540,747,1
970,540,48,1
971,540,1210,1
972,540,181,1
973,550,855,1
974,550,513,1
975,550,147,1
976,550,869,1
977,550,38,1
978,550,599,1
979,550,644,1
980,550,61,1
981,555,826,1
982,558,1418,1
983,558,1228,1
984,558,646,1
985,558,16,1
986,558,992,1
987,563,1185,1
988,568,1362,1
989,577,257,1
990,577,1340,1
991,580,465,1
992,581,550,1
993,582,1110,1
994,582,1028,1
995,582,660,1
996,582,760,1
997,585,386,1
998,585,1191,1
999,585,675,1
1000,585,465,1
1001,585,414,1
1002,585,1072,1
1003,585,383,1
1004,585,1100,1
1005,587,1236,1
1006,587,1147,1
1007,587,496,1
1008,587,856,1
1009,587,1015,1
1010,587,1294,1
1011,587,82,1
1012,587,427,1
1013,587,1364,1
1014,587,800,1
1015,587,1247,1
1016,587,715,1
1017,587,1403,1
1018,587,967,1
1019,587,1016,1
1020,587,352,1
1021,587,504,1
1022,587,583,1
1023,587,893,1
1024,587,1046,1
1025,587,1349,1
1026,587,90,1
1027,587,193,1
1028,587,578,1
1029,587,358,1
1030,587,992,1
1031,591,879,1
1032,591,863,1
1033,591,1415,1
1034,591,495,1
1035,592,1183,1
1036,592,1001,1
1037,592,487,1
1038,592,1014,1
1039,595,1014,1
1040,595,427,1
1041,595,610,1
1042,595,969,1
1043,595,740,1
1044,595,596,1
1045,595,1288,1
1046,596,595,1
1047,596,1153,1
1048,596,133,1
1049,596,1424,1
1050,596,323,1
1051,596,332,1
1052,596,487,1
1053,596,246,1
1054,596,57,1
1055,596,462,1
1056,596,1001,1
1057,596,245,1
1058,596,1183,1
1059,597,1154,1
1060,599,1210,1
1061,599,1148,1
1062,599,747,1
1063,599,375,1
1064,599,491,1
1065,599,1235,1
1066,603,597,1
1067,603,194,1
1068,603,444,1
1069,603,1148,1
1070,610,595,1
1071,610,31,1
1072,610,941,1
1073,610,1299,1
1074,610,1228,1
1075,610,504,1
1076,610,560,1
1077,610,930,1
1078,610,838,1
1079,610,801,1
1080,610,1420,1
1081,610,80,1
1082,610,1288,1
1083,610,948,1
1084,610,1411,1
1085,610,1078,1
1086,610,895,1
1087,610,1114,1
1088,610,603,1
1089,610,382,1
1090,610,444,1
1091,610,121,1
1092,610,1148,1
1093,610,1418,1
1094,610,665,1
1095,610,158,1
1096,610,20,1
1097,610,1191,1
1098,610,1329,1
1099,613,1242,1
1100,617,129,1
1101,620,387,1
1102,620,826,1
1103,620,351,1
1104,620,427,1
1105,625,43,1
1106,625,954,1
1107,625,1016,1
1108,625,603,1
1109,625,382,1
1110,625,1092,1
1111,625,493,1
1112,625,810,1
1113,625,410,1
1114,625,1228,1
1115,626,1127,1
1116,626,838,1
1117,626,1365,1
1118,626,826,1
1119,626,1184,1
1120,626,595,1
1121,626,696,1
1122,626,468,1
1123,628,1098,1
1124,631,1150,1
1125,631,1331,1
1126,644,769,1
1127,644,36,1
1128,646,1175,1
1129,646,679,1
1130,659,427,1
1131,661,515,1
1132,661,346,1
1133,668,484,1
1134,669,788,1
1135,669,1142,1
1136,669,812,1
1137,669,303,1
1138,669,161,1
1139,669,404,1
1140,669,649,1
1141,669,1183,1
1142,669,552,1
1143,669,1196,1
1144,669,304,1
1145,669,1169,1
1146,669,415,1
1147,669,1016,1
1148,669,928,1
1149,669,439,1
1150,669,343,1
1151,669,1076,1
1152,669,457,1
1153,669,727,1
1154,669,972,1
1155,669,68,1
1156,669,617,1
1157,669,215,1
1158,669,581,1
1159,669,1053,1
1160,669,1191,1
1161,669,655,1
1162,669,1062,1
1163,669,898,1
1164,669,941,1
1165,669,1213,1
1166,669,1232,1
1167,669,205,1
1168,669,826,1
1169,669,1447,1
1170,669,344,1
1171,669,921,1
1172,669,538,1
1173,669,133,1
1174,669,1286,1
1175,669,703,1
1176,669,99,1
1177,669,589,1
1178,669,257,1
1179,669,358,1
1180,669,412,1
1181,669,80,1
1182,669,1145,1
1183,669,1240,1
1184,679,345,1
1185,679,646,1
1186,689,711,1
1187,689,1377,1
1188,691,493,1
1189,691,427,1
1190,691,1228,1
1191,691,257,1
1192,691,239,1
1193,691,1432,1
1194,691,747,1
1195,691,1215,1
1196,692,800,1
1197,694,826,1
1198,695,1198,1
1199,695,1404,1
1200,696,334,1
1201,696,1172,1
1202,696,947,1
1203,696,845,1
1204,696,1365,1
1205,696,849,1
1206,696,1385,1
1207,696,1016,1
1208,696,1053,1
1209,696,496,1
1210,696,1119,1
1211,696,738,1
1212,696,598,1
1213,696,341,1
1214,696,99,1
1215,696,769,1
1216,696,41,1
1217,696,79,1
1218,696,318,1
1219,696,846,1
1220,696,743,1
1221,696,1237,1
1222,696,84,1
1223,696,619,1
1224,696,844,1
1225,696,1007,1
1226,696,1074,1
1227,696,1149,1
1228,696,1019,1
1229,696,440,1
1230,696,262,1
1231,696,150,1
1232,696,65,1
1233,696,154,1
1234,696,727,1
1235,696,865,1
1236,696,427,1
1237,696,53,1
1238,696,162,1
1239,696,501,1
1240,696,283,1
1241,696,197,1
1242,696,472,1
1243,696,246,1
1244,696,1302,1
1245,696,838,1
1246,696,1087,1
1247,696,678,1
1248,696,5,1
1249,696,235,1
1250,696,747,1
1251,696,323,1
1252,696,16,1
1253,696,126,1
1254,696,948,1
1255,696,1004,1
1256,696,829,1
1257,696,286,1
1258,696,1184,1
1259,696,510,1
1260,696,1356,1
1261,696,1418,1
1262,696,827,1
1263,696,417,1
1264,696,1,1
1265,696,1215,1
1266,696,1267,1
1267,696,88,1
1268,696,726,1
1269,696,485,1
1270,696,1112,1
1271,696,1148,1
1272,696,483,1
1273,696,915,1
1274,696,148,1
1275,696,212,1
1276,696,196,1
1277,696,171,1
1278,696,582,1
1279,696,237,1
1280,696,1314,1
1281,696,1086,1
1282,696,443,1
1283,696,1014,1
1284,696,195,1
1285,696,1270,1
1286,696,878,1
1287,696,724,1
1288,696,693,1
1289,696,4,1
1290,696,763,1
1291,696,257,1
1292,696,1127,1
1293,696,819,1
1294,696,36,1
1295,696,561,1
1296,696,78,1
1297,696,951,1
1298,696,1209,1
1299,696,1203,1
1300,696,414,1
1301,696,853,1
1302,696,1208,1
1303,696,2,1
1304,696,1114,1
1305,696,1090,1
1306,696,181,1
1307,696,351,1
1308,699,1263,1
1309,702,1014,1
1310,711,610,1
1311,711,80,1
1312,711,620,1
1313,711,1148,1
1314,711,362,1
1315,724,415,1
1316,724,1262,1
1317,724,1425,1
1318,724,123,1
1319,724,1313,1
1320,724,1194,1
1321,724,398,1
1322,728,826,1
1323,731,253,1
1324,731,398,1
1325,731,1194,1
1326,731,1262,1
1327,732,125,1
1328,732,174,1
1329,740,230,1
1330,740,1201,1
1331,740,1272,1
1332,740,117,1
1333,740,1289,1
1334,740,930,1
1335,740,625,1
1336,740,1329,1
1337,740,767,1
1338,740,1323,1
1339,740,1358,1
1340,740,1033,1
1341,740,604,1
1342,740,599,1
1343,740,226,1
1344,740,843,1
1345,740,764,1
1346,740,887,1
1347,740,1014,1
1348,740,524,1
1349,740,109,1
1350,740,1321,1
1351,740,1010,1
1352,740,1306,1
1353,740,1045,1
1354,740,1352,1
1355,740,1266,1
1356,740,304,1
1357,740,1043,1
1358,740,81,1
1359,740,595,1
1360,740,1218,1
1361,740,1223,1
1362,740,878,1
1363,740,1302,1
1364,740,763,1
1365,740,1009,1
1366,740,1152,1
1367,740,201,1
1368,740,491,1
1369,740,412,1
1370,740,867,1
1371,740,119,1
1372,740,649,1
1373,740,181,1
1374,740,1148,1
1375,740,60,1
1376,740,1007,1
1377,740,550,1
1378,740,661,1
1379,740,1039,1
1380,740,44,1
1381,740,1439,1
1382,740,679,1
1383,740,57,1
1384,743,1179,1
1385,745,1228,1
1386,747,766,1
1387,747,444,1
1388,747,1261,1
1389,747,1290,1
1390,747,723,1
1391,747,1053,1
1392,747,1228,1
1393,747,261,1
1394,747,390,1
1395,747,1306,1
1396,747,493,1
1397,747,299,1
1398,747,448,1
1399,747,1127,1
1400,747,1061,1
1401,747,1025,1
1402,747,9,1
1403,747,270,1
1404,747,80,1
1405,747,1084,1
1406,747,1226,1
1407,747,1184,1
1408,747,782,1
1409,747,354,1
1410,747,1062,1
1411,747,1212,1
1412,747,585,1
1413,747,140,1
1414,747,285,1
1415,747,1112,1
1416,747,1142,1
1417,747,732,1
1418,747,620,1
1419,747,20,1
1420,747,497,1
1421,747,677,1
1422,747,412,1
1423,747,699,1
1424,747,1319,1
1425,747,736,1
1426,747,940,1
1427,747,798,1
1428,747,1329,1
1429,747,174,1
1430,747,69,1
1431,747,507,1
1432,747,1074,1
1433,747,700,1
1434,747,222,1
1435,747,348,1
1436,747,1207,1
1437,747,660,1
1438,747,515,1
1439,747,591,1
1440,747,540,1
1441,747,1235,1
1442,747,1046,1
1443,747,1440,1
1444,747,363,1
1445,747,763,1
1446,747,205,1
1447,747,225,1
1448,747,819,1
1449,747,271,1
1450,747,696,1
1451,747,691,1
1452,747,1338,1
1453,747,117,1
1454,747,1070,1
1455,747,656,1
1456,747,382,1
1457,747,583,1
1458,747,1066,1
1459,747,610,1
1460,747,1092,1
1461,747,1087,1
1462,747,829,1
1463,747,473,1
1464,747,1038,1
1465,747,717,1
1466,747,626,1
1467,747,1237,1
1468,747,2,1
1469,747,863,1
1470,747,664,1
1471,747,484,1
1472,747,597,1
1473,747,840,1
1474,747,1299,1
1475,747,948,1
1476,747,1156,1
1477,747,566,1
1478,747,341,1
1479,747,1443,1
1480,747,468,1
1481,747,410,1
1482,754,1209,1
1483,754,1175,1
1484,756,1016,1
1485,756,181,1
1486,756,950,1
1487,756,1184,1
1488,756,362,1
1489,756,473,1
1490,756,747,1
1491,756,410,1
1492,756,855,1
1493,756,975,1
1494,756,540,1
1495,762,295,1
1496,763,1228,1
1497,763,88,1
1498,763,38,1
1499,763,1148,1
1500,763,186,1
1501,763,200,1
1502,763,351,1
1503,763,510,1
1504,765,822,1
1505,770,927,1
1506,770,36,1
1507,779,1133,1
1508,793,810,1
1509,796,1266,1
1510,796,202,1
1511,798,723,1
1512,800,515,1
1513,800,692,1
1514,800,625,1
1515,800,297,1
1516,800,838,1
1517,806,81,1
1518,808,1191,1
1519,808,610,1
1520,810,1235,1
1521,810,793,1
1522,810,625,1
1523,810,455,1
1524,810,961,1
1525,810,747,1
1526,810,950,1
1527,822,1185,1
1528,824,420,1
1529,824,919,1
1530,824,764,1
1531,824,1326,1
1532,824,513,1
1533,824,119,1
1534,824,845,1
1535,824,672,1
1536,824,328,1
1537,824,1124,1
1538,824,885,1
1539,824,976,1
1540,826,587,1
1541,826,670,1
1542,826,1164,1
1543,826,872,1
1544,826,257,1
1545,826,197,1
1546,826,953,1
1547,826,64,1
1548,826,140,1
1549,826,1159,1
1550,826,1074,1
1551,826,1221,1
1552,826,255,1
1553,826,686,1
1554,826,625,1
1555,826,441,1
1556,826,738,1
1557,826,11,1
1558,826,896,1
1559,826,382,1
1560,826,1372,1
1561,826,1117,1
1562,826,616,1
1563,826,760,1
1564,826,240,1
1565,826,1388,1
1566,826,1112,1
1567,826,602,1
1568,826,1367,1
1569,826,537,1
1570,826,23,1
1571,826,239,1
1572,826,752,1
1573,826,559,1
1574,826,1218,1
1575,826,918,1
1576,826,491,1
1577,826,1293,1
1578,826,356,1
1579,826,770,1
1580,826,181,1
1581,826,1153,1
1582,826,94,1
1583,826,677,1
1584,826,484,1
1585,826,586,1
1586,826,455,1
1587,826,871,1
1588,826,835,1
1589,826,458,1
1590,826,1038,1
1591,826,405,1
1592,826,1032,1
1593,826,5,1
1594,826,87,1
1595,826,1173,1
1596,826,879,1
1597,826,498,1
1598,826,86,1
1599,826,325,1
1600,826,1371,1
1601,826,1022,1
1602,826,995,1
1603,826,427,1
1604,826,868,1
1605,826,79,1
1606,826,344,1
1607,826,472,1
1608,826,963,1
1609,826,1334,1
1610,826,246,1
1611,826,1143,1
1612,826,1168,1
1613,826,609,1
1614,826,415,1
1615,826,357,1
1616,826,664,1
1617,826,1147,1
1618,826,897,1
1619,826,1109,1
1620,826,1425,1
1621,826,285,1
1622,826,264,1
1623,826,1222,1
1624,826,1339,1
1625,826,474,1
1626,826,857,1
1627,826,4,1
1628,826,311,1
1629,826,361,1
1630,826,287,1
1631,826,698,1
1632,826,1023,1
1633,826,845,1
1634,826,167,1
1635,826,1306,1
1636,826,1125,1
1637,826,994,1
1638,826,1269,1
1639,826,1165,1
1640,826,296,1
1641,826,669,1
1642,826,226,1
1643,826,1244,1
1644,826,1132,1
1645,826,376,1
1646,826,1440,1
1647,826,658,1
1648,826,1090,1
1649,826,2,1
1650,826,694,1
1651,826,1392,1
1652,826,180,1
1653,826,786,1
1654,826,731,1
1655,826,1332,1
1656,826,10,1
1657,826,432,1
1658,826,929,1
1659,826,1288,1
1660,826,1389,1
1661,826,328,1
1662,826,288,1
1663,826,973,1
1664,826,129,1
1665,826,1361,1
1666,826,279,1
1667,826,505,1
1668,826,1365,1
1669,826,1284,1
1670,826,804,1
1671,826,1118,1
1672,826,352,1
1673,826,977,1
1674,826,1443,1
1675,826,337,1
1676,826,1235,1
1677,826,362,1
1678,826,1061,1
1679,826,1062,1
1680,826,743,1
1681,826,568,1
1682,826,1255,1
1683,826,1226,1
1684,826,322,1
1685,826,555,1
1686,826,330,1
1687,826,1301,1
1688,826,1272,1
1689,826,402,1
1690,826,526,1
1691,826,928,1
1692,826,1435,1
1693,826,124,1
1694,826,1104,1
1695,826,138,1
1696,826,1148,1
1697,826,132,1
1698,826,1103,1
1699,826,894,1
1700,826,98,1
1701,826,1027,1
1702,826,84,1
1703,826,1184,1
1704,826,901,1
1705,826,687,1
1706,826,1378,1
1707,826,922,1
1708,826,612,1
1709,826,1223,1
1710,826,1262,1
1711,826,38,1
1712,826,838,1
1713,826,1313,1
1714,826,58,1
1715,826,1434,1
1716,826,604,1
1717,826,1369,1
1718,826,1341,1
1719,826,1039,1
1720,826,360,1
1721,826,184,1
1722,826,1141,1
1723,826,613,1
1724,826,157,1
1725,826,95,1
1726,826,406,1
1727,826,945,1
1728,826,428,1
1729,826,1336,1
1730,826,9,1
1731,826,305,1
1732,826,317,1
1733,826,999,1
1734,826,1144,1
1735,826,1349,1
1736,826,589,1
1737,826,1257,1
1738,826,351,1
1739,826,836,1
1740,826,1048,1
1741,826,1292,1
1742,826,1231,1
1743,826,1380,1
1744,826,721,1
1745,826,1176,1
1746,826,512,1
1747,826,1411,1
1748,826,308,1
1749,826,1337,1
1750,826,968,1
1751,826,515,1
1752,826,1436,1
1753,826,1107,1
1754,826,550,1
1755,826,975,1
1756,826,1421,1
1757,826,659,1
1758,826,1263,1
1759,826,899,1
1760,826,1194,1
1761,826,486,1
1762,826,148,1
1763,826,514,1
1764,826,850,1
1765,826,216,1
1766,826,603,1
1767,826,198,1
1768,826,434,1
1769,826,640,1
1770,826,679,1
1771,826,575,1
1772,826,560,1
1773,826,286,1
1774,826,654,1
1775,826,1131,1
1776,826,1290,1
1777,826,510,1
1778,826,540,1
1779,826,36,1
1780,826,1182,1
1781,826,884,1
1782,826,547,1
1783,826,1097,1
1784,826,205,1
1785,826,827,1
1786,826,685,1
1787,826,1012,1
1788,826,60,1
1789,829,1353,1
1790,835,540,1
1791,835,1071,1
1792,835,1261,1
1793,835,212,1
1794,838,112,1
1795,838,1414,1
1796,838,740,1
1797,838,1148,1
1798,838,768,1
1799,838,747,1
1800,838,1447,1
1801,838,515,1
1802,838,558,1
1803,838,427,1
1804,838,140,1
1805,838,52,1
1806,838,863,1
1807,838,1196,1
1808,838,1138,1
1809,838,585,1
1810,838,1135,1
1811,838,610,1
1812,838,43,1
1813,840,1228,1
1814,853,1412,1
1815,853,965,1
1816,853,600,1
1817,853,1407,1
1818,853,856,1
1819,853,1343,1
1820,853,102,1
1821,853,575,1
1822,853,1143,1
1823,853,946,1
1824,853,414,1
1825,853,1022,1
1826,853,5,1
1827,853,661,1
1828,853,1038,1
1829,853,959,1
1830,853,47,1
1831,853,286,1
1832,853,602,1
1833,853,617,1
1834,853,1291,1
1835,853,215,1
1836,853,1245,1
1837,853,863,1
1838,853,193,1
1839,853,1009,1
1840,853,398,1
1841,853,689,1
1842,853,161,1
1843,853,669,1
1844,853,609,1
1845,853,348,1
1846,853,48,1
1847,853,376,1
1848,853,756,1
1849,853,795,1
1850,853,770,1
1851,853,1035,1
1852,853,1053,1
1853,853,621,1
1854,853,471,1
1855,853,254,1
1856,853,99,1
1857,853,1410,1
1858,853,802,1
1859,853,1060,1
1860,853,246,1
1861,853,772,1
1862,853,567,1
1863,853,257,1
1864,853,994,1
1865,853,110,1
1866,853,1118,1
1867,853,139,1
1868,853,814,1
1869,853,592,1
1870,853,818,1
1871,853,345,1
1872,853,27,1
1873,853,85,1
1874,853,616,1
1875,853,1000,1
1876,853,324,1
1877,853,1364,1
1878,853,1082,1
1879,853,510,1
1880,853,113,1
1881,853,226,1
1882,853,1420,1
1883,853,1173,1
1884,853,1165,1
1885,853,581,1
1886,853,796,1
1887,853,628,1
1888,853,826,1
1889,853,941,1
1890,853,299,1
1891,853,1219,1
1892,853,662,1
1893,853,897,1
1894,853,1338,1
1895,853,160,1
1896,853,638,1
1897,853,587,1
1898,853,1351,1
1899,853,725,1
1900,853,304,1
1901,853,1166,1
1902,853,557,1
1903,853,677,1
1904,853,289,1
1905,853,380,1
1906,853,737,1
1907,853,702,1
1908,853,1142,1
1909,853,1084,1
1910,853,1178,1
1911,853,1402,1
1912,853,500,1
1913,853,1289,1
1914,853,404,1
1915,853,51,1
1916,853,1202,1
1917,853,61,1
1918,853,199,1
1919,853,1114,1
1920,853,92,1
1921,853,22,1
1922,853,593,1
1923,853,755,1
1924,853,976,1
1925,853,1087,1
1926,853,72,1
1927,853,747,1
1928,853,1065,1
1929,853,1039,1
1930,853,1311,1
1931,853,1014,1
1932,853,467,1
1933,853,939,1
1934,853,1319,1
1935,853,860,1
1936,853,624,1
1937,853,749,1
1938,853,514,1
1939,853,1012,1
1940,853,80,1
1941,853,1195,1
1942,853,1073,1
1943,856,904,1
1944,856,1281,1
1945,856,398,1
1946,856,606,1
1947,863,747,1
1948,863,838,1
1949,863,1131,1
1950,863,627,1
1951,863,1364,1
1952,863,427,1
1953,883,708,1
1954,883,1191,1
1955,883,398,1
1956,883,300,1
1957,883,1144,1
1958,883,1210,1
1959,883,53,1
1960,883,1084,1
1961,883,929,1
1962,883,1040,1
1963,883,1109,1
1964,883,391,1
1965,883,158,1
1966,883,27,1
1967,883,43,1
1968,883,412,1
1969,883,896,1
1970,883,90,1
1971,883,424,1
1972,883,1291,1
1973,885,4,1
1974,885,1228,1
1975,886,344,1
1976,887,344,1
1977,887,454,1
1978,887,523,1
1979,887,941,1
1980,887,439,1
1981,887,1417,1
1982,887,490,1
1983,887,1213,1
1984,887,547,1
1985,887,1072,1
1986,887,1409,1
1987,887,1026,1
1988,887,1232,1
1989,887,340,1
1990,887,806,1
1991,887,1206,1
1992,887,457,1
1993,887,1311,1
1994,887,572,1
1995,887,731,1
1996,887,11,1
1997,887,80,1
1998,887,1179,1
1999,887,1362,1
2000,887,1017,1
2001,887,898,1
2002,887,538,1
2003,887,1155,1
2004,887,374,1
2005,887,1240,1
2006,887,992,1
2007,887,1007,1
2008,890,351,1
2009,890,298,1
2010,890,110,1
2011,890,1191,1
2012,890,375,1
2013,896,1143,1
2014,896,230,1
2015,896,883,1
2016,896,205,1
2017,896,1168,1
2018,896,285,1
2019,896,158,1
2020,896,1166,1
2021,896,424,1
2022,896,1151,1
2023,896,1051,1
2024,896,105,1
2025,896,152,1
2026,896,1170,1
2027,896,996,1
2028,896,427,1
2029,896,693,1
2030,903,75,1
2031,907,65,1
2032,908,866,1
2033,908,501,1
2034,912,1208,1
2035,912,722,1
2036,912,1401,1
2037,912,123,1
2038,918,441,1
2039,927,36,1
2040,927,1363,1
2041,930,645,1
2042,930,585,1
2043,930,1089,1
2044,930,879,1
2045,930,489,1
2046,930,1331,1
2047,930,78,1
2048,930,1035,1
2049,930,1067,1
2050,930,247,1
2051,930,1188,1
2052,930,307,1
2053,930,730,1
2054,930,11,1
2055,930,756,1
2056,930,1038,1
2057,930,509,1
2058,930,1425,1
2059,930,80,1
2060,930,75,1
2061,930,428,1
2062,930,637,1
2063,930,721,1
2064,930,1238,1
2065,930,856,1
2066,930,538,1
2067,930,1048,1
2068,930,139,1
2069,930,850,1
2070,930,379,1
2071,930,527,1
2072,930,763,1
2073,930,432,1
2074,930,1333,1
2075,930,1133,1
2076,930,420,1
2077,930,133,1
2078,930,929,1
2079,930,99,1
2080,930,987,1
2081,930,942,1
2082,930,1215,1
2083,930,382,1
2084,930,255,1
2085,930,1299,1
2086,930,800,1
2087,930,486,1
2088,930,495,1
2089,930,490,1
2090,930,1138,1
2091,930,445,1
2092,930,797,1
2093,930,843,1
2094,930,597,1
2095,930,194,1
2096,930,1262,1
2097,930,1347,1
2098,930,796,1
2099,930,274,1
2100,930,981,1
2101,930,1317,1
2102,930,542,1
2103,930,1165,1
2104,930,1233,1
2105,930,820,1
2106,930,227,1
2107,930,725,1
2108,930,85,1
2109,930,236,1
2110,930,518,1
2111,930,1267,1
2112,930,1311,1
2113,930,491,1
2114,930,512,1
2115,930,427,1
2116,930,1377,1
2117,930,595,1
2118,930,60,1
2119,930,1244,1
2120,930,34,1
2121,930,1412,1
2122,930,447,1
2123,930,1062,1
2124,930,391,1
2125,930,1060,1
2126,930,963,1
2127,930,1211,1
2128,930,581,1
2129,930,285,1
2130,930,1185,1
2131,930,911,1
2132,930,1081,1
2133,930,791,1
2134,930,1000,1
2135,930,365,1
2136,930,327,1
2137,930,559,1
2138,930,767,1
2139,930,793,1
2140,930,1290,1
2141,930,894,1
2142,930,719,1
2143,930,238,1
2144,930,1385,1
2145,930,232,1
2146,930,916,1
2147,930,1014,1
2148,930,332,1
2149,930,1414,1
2150,930,690,1
2151,930,587,1
2152,930,268,1
2153,930,320,1
2154,930,548,1
2155,930,1201,1
2156,930,889,1
2157,930,48,1
2158,930,545,1
2159,930,1037,1
2160,930,209,1
2161,930,15,1
2162,930,720,1
2163,930,1016,1
2164,930,664,1
2165,930,656,1
2166,930,1010,1
2167,930,205,1
2168,930,829,1
2169,930,271,1
2170,930,766,1
2171,930,795,1
2172,930,404,1
2173,930,1150,1
2174,930,1003,1
2175,930,374,1
2176,930,1012,1
2177,930,636,1
2178,930,922,1
2179,930,543,1
2180,930,912,1
2181,930,1058,1
2182,930,373,1
2183,930,13,1
2184,930,523,1
2185,930,463,1
2186,930,1397,1
2187,930,103,1
2188,930,183,1
2189,930,402,1
2190,930,757,1
2191,930,283,1
2192,930,287,1
2193,930,1087,1
2194,930,102,1
2195,930,1199,1
2196,930,1318,1
2197,930,825,1
2198,930,123,1
2199,930,755,1
2200,930,940,1
2201,930,1329,1
2202,930,1255,1
2203,930,106,1
2204,930,1069,1
2205,930,635,1
2206,930,776,1
2207,930,167,1
2208,930,1059,1
2209,930,1324,1
2210,930,1314,1
2211,930,1127,1
2212,930,333,1
2213,930,821,1
2214,930,969,1
2215,930,1353,1
2216,930,340,1
2217,930,1108,1
2218,930,908,1
2219,930,1410,1
2220,933,1005,1
2221,933,631,1
2222,936,181,1
2223,940,1266,1
2224,940,796,1
2225,940,202,1
2226,948,1288,1
2227,948,610,1
2228,948,1329,1
2229,948,718,1
2230,948,1078,1
2231,948,1360,1
2232,948,747,1
2233,948,211,1
2234,954,1408,1
2235,954,625,1
2236,959,886,1
2237,959,725,1
2238,959,840,1
2239,959,1040,1
2240,959,311,1
2241,959,1014,1
2242,959,1169,1
2243,959,1371,1
2244,959,964,1
2245,959,12,1
2246,959,1360,1
2247,959,779,1
2248,959,470,1
2249,959,980,1
2250,959,72,1
2251,959,1403,1
2252,959,1422,1
2253,959,1428,1
2254,959,1083,1
2255,959,535,1
2256,959,808,1
2257,960,1415,1
2258,969,1217,1
2259,969,595,1
2260,969,43,1
2261,969,285,1
2262,980,1194,1
2263,992,940,1
2264,992,1445,1
2265,992,840,1
2266,992,273,1
2267,992,335,1
2268,992,1361,1
2269,992,1169,1
2270,992,899,1
2271,992,97,1
2272,992,1166,1
2273,992,40,1
2274,992,617,1
2275,992,424,1
2276,992,558,1
2277,992,1009,1
2278,992,1402,1
2279,1007,887,1
2280,1007,992,1
2281,1010,826,1
2282,1014,594,1
2283,1014,747,1
2284,1014,37,1
2285,1014,453,1
2286,1014,1208,1
2287,1014,1343,1
2288,1014,149,1
2289,1014,205,1
2290,1014,1016,1
2291,1014,696,1
2292,1014,754,1
2293,1014,200,1
2294,1014,101,1
2295,1014,266,1
2296,1014,1191,1
2297,1014,88,1
2298,1014,1169,1
2299,1014,1138,1
2300,1014,1215,1
2301,1014,1304,1
2302,1014,468,1
2303,1014,592,1
2304,1014,1175,1
2305,1014,351,1
2306,1014,801,1
2307,1014,399,1
2308,1014,473,1
2309,1014,2,1
2310,1014,1205,1
2311,1014,976,1
2312,1014,1056,1
2313,1016,1175,1
2314,1016,255,1
2315,1016,821,1
2316,1016,1414,1
2317,1016,587,1
2318,1016,140,1
2319,1016,1138,1
2320,1016,567,1
2321,1016,1228,1
2322,1016,230,1
2323,1016,665,1
2324,1016,310,1
2325,1016,1352,1
2326,1016,656,1
2327,1016,132,1
2328,1016,110,1
2329,1016,826,1
2330,1016,1147,1
2331,1016,427,1
2332,1016,370,1
2333,1016,1191,1
2334,1016,43,1
2335,1016,756,1
2336,1016,625,1
2337,1016,838,1
2338,1016,1237,1
2339,1026,595,1
2340,1026,210,1
2341,1030,601,1
2342,1033,197,1
2343,1033,1237,1
2344,1033,224,1
2345,1033,214,1
2346,1033,1215,1
2347,1033,1106,1
2348,1033,1101,1
2349,1033,158,1
2350,1033,803,1
2351,1033,516,1
2352,1033,344,1
2353,1033,707,1
2354,1036,235,1
2355,1036,147,1
2356,1036,0,1
2357,1036,809,1
2358,1038,1016,1
2359,1038,747,1
2360,1042,259,1
2361,1042,354,1
2362,1042,61,1
2363,1042,656,1
2364,1042,1438,1
2365,1059,427,1
2366,1062,1133,1
2367,1067,447,1
2368,1074,9,1
2369,1074,403,1
2370,1074,389,1
2371,1074,525,1
2372,1074,819,1
2373,1074,271,1
2374,1074,351,1
2375,1074,826,1
2376,1074,191,1
2377,1078,1360,1
2378,1078,1228,1
2379,1078,61,1
2380,1078,560,1
2381,1078,826,1
2382,1083,531,1
2383,1093,1228,1
2384,1098,628,1
2385,1101,560,1
2386,1101,1237,1
2387,1101,427,1
2388,1101,615,1
2389,1115,310,1
2390,1119,1301,1
2391,1127,817,1
2392,1127,1228,1
2393,1127,693,1
2394,1127,724,1
2395,1127,1207,1
2396,1127,5,1
2397,1127,786,1
2398,1127,417,1
2399,1127,415,1
2400,1127,1122,1
2401,1127,124,1
2402,1127,1349,1
2403,1127,827,1
2404,1127,262,1
2405,1127,1306,1
2406,1127,731,1
2407,1127,497,1
2408,1127,88,1
2409,1127,150,1
2410,1127,358,1
2411,1127,1194,1
2412,1127,323,1
2413,1127,197,1
2414,1127,1019,1
2415,1127,78,1
2416,1127,992,1
2417,1127,209,1
2418,1127,792,1
2419,1127,846,1
2420,1127,831,1
2421,1127,481,1
2422,1127,496,1
2423,1127,1365,1
2424,1127,174,1
2425,1127,767,1
2426,1127,819,1
2427,1127,318,1
2428,1127,1053,1
2429,1127,1237,1
2430,1127,626,1
2431,1127,1007,1
2432,1127,296,1
2433,1127,599,1
2434,1127,60,1
2435,1127,2,1
2436,1127,41,1
2437,1127,1045,1
2438,1129,737,1
2439,1130,907,1
2440,1130,1042,1
2441,1133,424,1
2442,1133,185,1
2443,1133,25,1
2444,1133,826,1
2445,1133,629,1
2446,1133,892,1
2447,1133,954,1
2448,1133,80,1
2449,1133,1078,1
2450,1133,341,1
2451,1133,1036,1
2452,1133,63,1
2453,1133,1375,1
2454,1133,878,1
2455,1133,882,1
2456,1133,722,1
2457,1133,1326,1
2458,1133,1143,1
2459,1133,61,1
2460,1133,1343,1
2461,1133,1387,1
2462,1133,264,1
2463,1133,1240,1
2464,1133,375,1
2465,1133,895,1
2466,1133,1042,1
2467,1133,672,1
2468,1133,1175,1
2469,1133,794,1
2470,1133,1191,1
2471,1133,527,1
2472,1147,826,1
2473,1147,1288,1
2474,1148,194,1
2475,1148,9,1
2476,1148,561,1
2477,1148,896,1
2478,1148,410,1
2479,1148,747,1
2480,1148,711,1
2481,1148,838,1
2482,1148,1175,1
2483,1148,370,1
2484,1148,204,1
2485,1148,1364,1
2486,1148,1016,1
2487,1148,362,1
2488,1148,1119,1
2489,1148,497,1
2490,1148,20,1
2491,1148,603,1
2492,1148,510,1
2493,1148,763,1
2494,1148,181,1
2495,1148,285,1
2496,1148,242,1
2497,1148,696,1
2498,1148,932,1
2499,1148,826,1
2500,1151,495,1
2501,1152,348,1
2502,1154,1288,1
2503,1154,948,1
2504,1154,1078,1
2505,1154,597,1
2506,1169,992,1
2507,1169,729,1
2508,1169,857,1
2509,1169,1131,1
2510,1169,31,1
2511,1169,1428,1
2512,1169,1011,1
2513,1169,893,1
2514,1169,1289,1
2515,1169,1395,1
2516,1169,49,1
2517,1169,886,1
2518,1169,288,1
2519,1175,491,1
2520,1175,1306,1
2521,1175,729,1
2522,1175,117,1
2523,1175,319,1
2524,1175,1121,1
2525,1175,691,1
2526,1175,424,1
2527,1175,504,1
2528,1175,354,1
2529,1175,60,1
2530,1175,31,1
2531,1175,1228,1
2532,1175,303,1
2533,1175,9,1
2534,1175,942,1
2535,1175,1016,1
2536,1175,1138,1
2537,1175,606,1
2538,1175,358,1
2539,1175,704,1
2540,1175,929,1
2541,1175,1061,1
2542,1175,250,1
2543,1175,1178,1
2544,1175,235,1
2545,1175,387,1
2546,1175,840,1
2547,1175,1014,1
2548,1175,747,1
2549,1175,1127,1
2550,1175,1226,1
2551,1175,1043,1
2552,1175,646,1
2553,1175,705,1
2554,1175,18,1
2555,1175,458,1
2556,1175,874,1
2557,1175,754,1
2558,1175,351,1
2559,1180,826,1
2560,1180,1228,1
2561,1185,427,1
2562,1185,339,1
2563,1185,696,1
2564,1185,563,1
2565,1190,341,1
2566,1191,505,1
2567,1191,808,1
2568,1191,1089,1
2569,1191,585,1
2570,1191,1014,1
2571,1191,1199,1
2572,1191,890,1
2573,1191,205,1
2574,1194,125,1
2575,1194,1220,1
2576,1194,724,1
2577,1194,963,1
2578,1194,318,1
2579,1194,123,1
2580,1194,334,1
2581,1194,415,1
2582,1196,819,1
2583,1196,838,1
2584,1196,129,1
2585,1196,487,1
2586,1196,1193,1
2587,1207,257,1
2588,1207,61,1
2589,1208,1298,1
2590,1208,1127,1
2591,1208,534,1
2592,1208,679,1
2593,1209,1288,1
2594,1209,1360,1
2595,1210,9,1
2596,1210,540,1
2597,1215,691,1
2598,1215,1036,1
2599,1215,1252,1
2600,1215,1016,1
2601,1215,802,1
2602,1215,896,1
2603,1215,1094,1
2604,1215,860,1
2605,1215,1062,1
2606,1215,4,1
2607,1215,493,1
2608,1215,1020,1
2609,1215,655,1
2610,1215,351,1
2611,1215,1326,1
2612,1215,158,1
2613,1218,1307,1
2614,1218,817,1
2615,1218,617,1
2616,1218,1149,1
2617,1218,1046,1
2618,1218,1088,1
2619,1218,320,1
2620,1218,431,1
2621,1218,486,1
2622,1218,256,1
2623,1218,427,1
2624,1218,885,1
2625,1218,48,1
2626,1218,596,1
2627,1218,1354,1
2628,1218,490,1
2629,1218,1226,1
2630,1218,349,1
2631,1218,375,1
2632,1218,155,1
2633,1218,65,1
2634,1218,138,1
2635,1218,1124,1
2636,1218,893,1
2637,1218,392,1
2638,1218,152,1
2639,1218,1426,1
2640,1218,230,1
2641,1218,587,1
2642,1218,1185,1
2643,1218,504,1
2644,1218,856,1
2645,1218,1144,1
2646,1218,930,1
2647,1218,1087,1
2648,1218,835,1
2649,1218,358,1
2650,1218,834,1
2651,1218,754,1
2652,1218,622,1
2653,1218,979,1
2654,1218,463,1
2655,1218,299,1
2656,1218,235,1
2657,1218,658,1
2658,1218,592,1
2659,1218,665,1
2660,1218,167,1
2661,1218,271,1
2662,1218,1173,1
2663,1218,453,1
2664,1218,1276,1
2665,1218,975,1
2666,1218,1057,1
2667,1218,412,1
2668,1218,398,1
2669,1218,1233,1
2670,1218,1237,1
2671,1218,480,1
2672,1218,1026,1
2673,1218,992,1
2674,1218,58,1
2675,1218,580,1
2676,1218,1014,1
2677,1218,1341,1
2678,1218,351,1
2679,1218,484,1
2680,1218,214,1
2681,1223,4,1
2682,1223,313,1
2683,1223,533,1
2684,1231,762,1
2685,1233,314,1
2686,1237,1101,1
2687,1237,1218,1
2688,1237,181,1
2689,1237,427,1
2690,1237,718,1
2691,1242,826,1
2692,1242,613,1
2693,1242,1228,1
2694,1242,528,1
2695,1249,1076,1
2696,1249,61,1
2697,1249,500,1
2698,1249,68,1
2699,1249,26,1
2700,1249,351,1
2701,1249,689,1
2702,1249,440,1
2703,1249,1107,1
2704,1249,972,1
2705,1249,1369,1
2706,1249,1345,1
2707,1249,336,1
2708,1249,3,1
2709,1249,257,1
2710,1249,232,1
2711,1254,2,1
2712,1254,882,1
2713,1254,930,1
2714,1254,993,1
2715,1254,1089,1
2716,1254,595,1
2717,1254,1078,1
2718,1254,1179,1
2719,1254,602,1
2720,1254,1258,1
2721,1254,1111,1
2722,1254,916,1
2723,1254,1394,1
2724,1254,265,1
2725,1254,514,1
2726,1254,383,1
2727,1254,1392,1
2728,1254,808,1
2729,1254,680,1
2730,1254,198,1
2731,1254,1446,1
2732,1254,816,1
2733,1254,967,1
2734,1254,727,1
2735,1254,1022,1
2736,1254,1295,1
2737,1254,656,1
2738,1254,1010,1
2739,1254,469,1
2740,1254,1039,1
2741,1254,1246,1
2742,1254,1213,1
2743,1254,1405,1
2744,1254,562,1
2745,1261,835,1
2746,1261,747,1
2747,1263,699,1
2748,1263,747,1
2749,1266,740,1
2750,1266,202,1
2751,1282,961,1
2752,1288,1360,1
2753,1288,610,1
2754,1288,310,1
2755,1288,826,1
2756,1288,60,1
2757,1288,747,1
2758,1288,501,1
2759,1288,1346,1
2760,1288,1331,1
2761,1288,711,1
2762,1288,1418,1
2763,1288,98,1
2764,1288,1209,1
2765,1288,444,1
2766,1288,1228,1
2767,1288,689,1
2768,1291,944,1
2769,1295,242,1
2770,1295,646,1
2771,1299,747,1
2772,1299,610,1
2773,1306,9,1
2774,1306,484,1
2775,1306,1282,1
2776,1306,443,1
2777,1306,932,1
2778,1308,1383,1
2779,1312,1030,1
2780,1312,1439,1
2781,1313,694,1
2782,1313,375,1
2783,1314,838,1
2784,1314,1344,1
2785,1314,456,1
2786,1314,1080,1
2787,1329,1228,1
2788,1329,747,1
2789,1329,1078,1
2790,1329,948,1
2791,1329,181,1
2792,1329,743,1
2793,1329,319,1
2794,1329,1154,1
2795,1329,1031,1
2796,1331,933,1
2797,1331,1005,1
2798,1340,577,1
2799,1340,826,1
2800,1344,226,1
2801,1344,1314,1
2802,1344,396,1
2803,1346,953,1
2804,1349,826,1
2805,1349,1401,1
2806,1349,1099,1
2807,1353,829,1
2808,1353,941,1
2809,1356,988,1
2810,1362,568,1
2811,1363,65,1
2812,1364,1228,1
2813,1364,55,1
2814,1364,129,1
2815,1364,703,1
2816,1364,1016,1
2817,1364,268,1
2818,1364,270,1
2819,1364,725,1
2820,1364,498,1
2821,1364,351,1
2822,1364,878,1
2823,1364,294,1
2824,1364,1209,1
2825,1364,550,1
2826,1364,1133,1
2827,1364,729,1
2828,1364,788,1
2829,1364,142,1
2830,1364,614,1
2831,1364,387,1
2832,1364,1060,1
2833,1364,135,1
2834,1364,194,1
2835,1364,1347,1
2836,1364,824,1
2837,1364,863,1
2838,1364,660,1
2839,1364,835,1
2840,1365,351,1
2841,1365,691,1
2842,1377,689,1
2843,1377,376,1
2844,1383,1308,1
2845,1383,577,1
2846,1390,57,1
2847,1401,1216,1
2848,1401,621,1
2849,1401,912,1
2850,1402,1228,1
2851,1402,946,1
2852,1402,1426,1
2853,1402,579,1
2854,1403,1089,1
2855,1403,346,1
2856,1411,271,1
2857,1411,1288,1
2858,1413,180,1
2859,1414,838,1
2860,1414,1016,1
2861,1418,610,1
2862,1418,1288,1
2863,1418,1175,1
2864,1418,747,1
2865,1425,724,1
2866,1425,125,1
2867,1440,320,1
2868,1441,1420,1
2869,1443,747,1
2870,1443,1301,1
2871,1445,512,1
2872,1445,662,1
2873,1445,1175,1
2874,1445,375,1
2875,9,1288,0
2876,9,1154,0
2877,9,374,0
2878,9,1271,0
2879,15,1008,0
2880,15,477,0
2881,15,677,0
2882,15,1413,0
2883,31,987,0
2884,31,685,0
2885,36,1075,0
2886,36,1205,0
2887,36,102,0
2888,43,1320,0
2889,43,974,0
2890,43,1088,0
2891,43,1306,0
2892,43,764,0
2893,43,44,0
2894,44,76,0
2895,47,1028,0
2896,47,1117,0
2897,48,1209,0
2898,48,24,0
2899,48,453,0
2900,48,717,0
2901,48,1049,0
2902,48,1029,0
2903,48,873,0
2904,48,602,0
2905,48,1429,0
2906,48,768,0
2907,48,329,0
2908,48,1133,0
2909,48,286,0
2910,48,72,0
2911,48,1015,0
2912,48,1231,0
2913,48,360,0
2914,48,543,0
2915,48,310,0
2916,48,442,0
2917,48,423,0
2918,48,402,0
2919,48,856,0
2920,48,852,0
2921,52,117,0
2922,52,806,0
2923,52,1034,0
2924,53,858,0
2925,53,813,0
2926,57,343,0
2927,57,292,0
2928,57,945,0
2929,57,1265,0
2930,57,1105,0
2931,57,556,0
2932,57,357,0
2933,57,908,0
2934,57,931,0
2935,57,298,0
2936,60,425,0
2937,60,240,0
2938,60,792,0
2939,60,140,0
2940,60,1208,0
2941,61,1354,0
2942,61,354,0
2943,61,1115,0
2944,61,252,0
2945,61,633,0
2946,61,300,0
2947,61,963,0
2948,61,1093,0
2949,61,113,0
2950,61,833,0
2951,61,793,0
2952,61,1022,0
2953,61,570,0
2954,61,147,0
2955,61,957,0
2956,61,1361,0
2957,61,1323,0
2958,61,114,0
2959,61,1032,0
2960,61,1174,0
2961,61,789,0
2962,61,890,0
2963,61,1094,0
2964,61,1279,0
2965,61,508,0
2966,61,1332,0
2967,61,179,0
2968,61,1018,0
2969,65,620,0
2970,65,834,0
2971,75,263,0
2972,75,649,0
2973,75,530,0
2974,75,1221,0
2975,80,1143,0
2976,80,1273,0
2977,80,1054,0
2978,80,502,0
2979,80,527,0
2980,80,151,0
2981,80,1090,0
2982,80,652,0
2983,80,1281,0
2984,80,861,0
2985,80,250,0
2986,80,741,0
2987,80,959,0
2988,80,478,0
2989,80,402,0
2990,81,963,0
2991,81,155,0
2992,81,766,0
2993,81,17,0
2994,86,776,0
2995,86,361,0
2996,88,1032,0
2997,88,203,0
2998,88,1291,0
2999,89,266,0
3000,89,1326,0
3001,93,1395,0
3002,97,533,0
3003,97,492,0
3004,97,453,0
3005,97,513,0
3006,97,1105,0
3007,98,807,0
3008,101,1209,0
3009,110,314,0
3010,110,553,0
3011,110,1036,0
3012,110,692,0
3013,110,277,0
3014,110,526,0
3015,110,969,0
3016,110,0,0
3017,110,213,0
3018,110,924,0
3019,110,1047,0
3020,110,569,0
3021,110,197,0
3022,110,543,0
3023,110,497,0
3024,110,827,0
3025,110,882,0
3026,110,1357,0
3027,110,1170,0
3028,110,185,0
3029,110,1243,0
3030,110,591,0
3031,110,485,0
3032,110,923,0
3033,110,1307,0
3034,110,307,0
3035,112,1249,0
3036,112,1109,0
3037,113,983,0
3038,113,695,0
3039,113,730,0
3040,113,373,0
3041,113,661,0
3042,121,533,0
3043,125,411,0
3044,125,214,0
3045,125,906,0
3046,125,464,0
3047,125,193,0
3048,125,827,0
3049,125,417,0
3050,129,540,0
3051,129,131,0
3052,132,532,0
3053,132,1107,0
3054,140,338,0
3055,140,294,0
3056,140,319,0
3057,140,311,0
3058,140,681,0
3059,140,63,0
3060,140,601,0
3061,140,26,0
3062,140,1156,0
3063,140,577,0
3064,140,1097,0
3065,140,486,0
3066,140,1326,0
3067,140,1405,0
3068,140,676,0
3069,140,1322,0
3070,140,811,0
3071,140,569,0
3072,140,876,0
3073,140,217,0
3074,140,711,0
3075,140,193,0
3076,140,1231,0
3077,140,407,0
3078,140,89,0
3079,140,928,0
3080,140,1131,0
3081,140,201,0
3082,140,519,0
3083,140,1083,0
3084,140,1205,0
3085,140,1068,0
3086,140,526,0
3087,140,1032,0
3088,140,301,0
3089,140,1337,0
3090,140,1,0
3091,140,1020,0
3092,140,1428,0
3093,140,1088,0
3094,140,903,0
3095,140,551,0
3096,140,1368,0
3097,140,34,0
3098,140,784,0
3099,147,492,0
3100,149,70,0
3101,158,1078,0
3102,158,1153,0
3103,158,1173,0
3104,158,446,0
3105,174,102,0
3106,174,811,0
3107,176,383,0
3108,180,1114,0
3109,194,1300,0
3110,194,755,0
3111,194,955,0
3112,194,387,0
3113,197,737,0
3114,200,984,0
3115,200,572,0
3116,202,122,0
3117,202,427,0
3118,204,238,0
3119,204,487,0
3120,204,533,0
3121,204,752,0
3122,205,955,0
3123,205,108,0
3124,205,1300,0
3125,205,904,0
3126,205,619,0
3127,205,1203,0
3128,205,172,0
3129,205,1388,0
3130,205,1320,0
3131,205,199,0
3132,205,498,0
3133,205,601,0
3134,205,903,0
3135,205,1267,0
3136,205,1343,0
3137,205,1067,0
3138,205,537,0
3139,205,872,0
3140,205,1276,0
3141,205,703,0
3142,205,671,0
3143,205,75,0
3144,205,503,0
3145,205,529,0
3146,205,946,0
3147,205,1112,0
3148,205,667,0
3149,205,830,0
3150,205,788,0
3151,205,834,0
3152,205,248,0
3153,205,56,0
3154,205,282,0
3155,205,1246,0
3156,205,815,0
3157,205,318,0
3158,205,579,0
3159,205,1201,0
3160,205,1035,0
3161,205,1055,0
3162,205,1338,0
3163,205,881,0
3164,205,61,0
3165,205,1180,0
3166,205,777,0
3167,205,544,0
3168,205,761,0
3169,205,700,0
3170,205,1022,0
3171,205,140,0
3172,205,770,0
3173,205,647,0
3174,205,130,0
3175,205,345,0
3176,205,612,0
3177,205,336,0
3178,205,372,0
3179,205,1446,0
3180,205,628,0
3181,205,968,0
3182,205,1416,0
3183,205,952,0
3184,205,560,0
3185,205,284,0
3186,205,1094,0
3187,205,136,0
3188,205,1174,0
3189,205,105,0
3190,205,1243,0
3191,205,164,0
3192,205,1362,0
3193,205,876,0
3194,205,1185,0
3195,205,154,0
3196,205,273,0
3197,205,763,0
3198,205,1401,0
3199,205,1346,0
3200,205,748,0
3201,205,951,0
3202,205,1117,0
3203,205,10,0
3204,205,1219,0
3205,209,868,0
3206,212,2,0
3207,212,1349,0
3208,226,129,0
3209,235,1391,0
3210,235,1401,0
3211,239,427,0
3212,239,1186,0
3213,239,522,0
3214,239,432,0
3215,239,1429,0
3216,242,575,0
3217,242,1073,0
3218,242,746,0
3219,242,794,0
3220,242,965,0
3221,242,1180,0
3222,242,707,0
3223,242,1171,0
3224,242,489,0
3225,242,630,0
3226,242,641,0
3227,242,279,0
3228,242,608,0
3229,242,1355,0
3230,242,77,0
3231,242,462,0
3232,242,1120,0
3233,242,173,0
3234,242,817,0
3235,242,360,0
3236,242,623,0
3237,242,813,0
3238,242,17,0
3239,242,728,0
3240,242,1036,0
3241,242,88,0
3242,242,1115,0
3243,242,1145,0
3244,242,1242,0
3245,242,1166,0
3246,242,1125,0
3247,242,787,0
3248,242,554,0
3249,242,633,0
3250,244,681,0
3251,255,1234,0
3252,257,99,0
3253,257,1025,0
3254,257,513,0
3255,257,1037,0
3256,257,126,0
3257,257,264,0
3258,257,784,0
3259,257,1422,0
3260,257,1080,0
3261,257,230,0
3262,257,781,0
3263,257,45,0
3264,257,956,0
3265,257,435,0
3266,257,1066,0
3267,257,14,0
3268,257,1090,0
3269,257,576,0
3270,257,686,0
3271,257,564,0
3272,257,420,0
3273,257,574,0
3274,257,939,0
3275,257,42,0
3276,257,1358,0
3277,257,1443,0
3278,257,1318,0
3279,257,923,0
3280,257,26,0
3281,257,1072,0
3282,257,1118,0
3283,257,1162,0
3284,257,94,0
3285,257,1166,0
3286,257,184,0
3287,257,1433,0
3288,257,1439,0
3289,257,1429,0
3290,257,660,0
3291,257,61,0
3292,257,803,0
3293,257,845,0
3294,257,265,0
3295,257,1111,0
3296,257,694,0
3297,257,917,0
3298,257,174,0
3299,257,904,0
3300,257,168,0
3301,257,331,0
3302,257,27,0
3303,257,1407,0
3304,257,928,0
3305,257,1288,0
3306,257,1224,0
3307,257,1260,0
3308,257,750,0
3309,257,101,0
3310,257,523,0
3311,257,182,0
3312,257,671,0
3313,257,1197,0
3314,257,1,0
3315,257,614,0
3316,257,580,0
3317,257,1437,0
3318,257,556,0
3319,257,268,0
3320,259,217,0
3321,259,904,0
3322,264,1426,0
3323,268,233,0
3324,268,565,0
3325,268,43,0
3326,271,415,0
3327,274,184,0
3328,283,466,0
3329,285,18,0
3330,285,830,0
3331,285,924,0
3332,285,1084,0
3333,285,60,0
3334,285,1204,0
3335,285,1417,0
3336,294,378,0
3337,294,1416,0
3338,294,805,0
3339,294,105,0
3340,313,1382,0
3341,313,1310,0
3342,313,1201,0
3343,313,573,0
3344,313,1215,0
3345,318,467,0
3346,318,175,0
3347,318,662,0
3348,318,24,0
3349,318,1299,0
3350,318,926,0
3351,318,625,0
3352,320,250,0
3353,320,649,0
3354,341,789,0
3355,341,965,0
3356,341,1110,0
3357,341,1325,0
3358,341,365,0
3359,341,323,0
3360,341,191,0
3361,341,912,0
3362,341,502,0
3363,341,1366,0
3364,341,1427,0
3365,341,817,0
3366,341,1096,0
3367,341,1233,0
3368,341,452,0
3369,341,443,0
3370,341,949,0
3371,341,956,0
3372,341,1430,0
3373,341,507,0
3374,341,481,0
3375,341,270,0
3376,341,60,0
3377,341,186,0
3378,341,366,0
3379,341,2,0
3380,341,1283,0
3381,341,727,0
3382,341,1195,0
3383,341,951,0
3384,341,943,0
3385,341,523,0
3386,341,1119,0
3387,341,1179,0
3388,341,664,0
3389,341,433,0
3390,341,269,0
3391,341,39,0
3392,341,715,0
3393,341,231,0
3394,341,1015,0
3395,341,393,0
3396,341,1238,0
3397,341,569,0
3398,341,901,0
3399,341,866,0
3400,341,888,0
3401,341,531,0
3402,341,300,0
3403,341,63,0
3404,341,573,0
3405,341,808,0
3406,341,185,0
3407,341,1199,0
3408,341,147,0
3409,341,812,0
3410,341,390,0
3411,341,64,0
3412,341,1265,0
3413,341,686,0
3414,341,240,0
3415,341,224,0
3416,341,555,0
3417,341,922,0
3418,341,1045,0
3419,341,112,0
3420,341,892,0
3421,341,1167,0
3422,341,356,0
3423,341,10,0
3424,341,578,0
3425,341,303,0
3426,341,780,0
3427,341,20,0
3428,341,145,0
3429,341,82,0
3430,341,825,0
3431,341,35,0
3432,341,1077,0
3433,341,402,0
3434,341,227,0
3435,341,439,0
3436,341,793,0
3437,341,610,0
3438,341,765,0
3439,341,1232,0
3440,341,663,0
3441,341,1291,0
3442,341,820,0
3443,341,559,0
3444,341,181,0
3445,341,1211,0
3446,341,1426,0
3447,341,317,0
3448,341,123,0
3449,341,261,0
3450,341,1434,0
3451,341,924,0
3452,341,27,0
3453,341,1410,0
3454,341,657,0
3455,341,478,0
3456,341,937,0
3457,341,1403,0
3458,341,1346,0
3459,341,844,0
3460,341,1094,0
3461,341,1290,0
3462,341,411,0
3463,344,1025,0
3464,344,544,0
3465,344,200,0
3466,344,589,0
3467,344,448,0
3468,344,1012,0
3469,344,550,0
3470,344,888,0
3471,344,1063,0
3472,344,929,0
3473,344,206,0
3474,344,833,0
3475,344,233,0
3476,344,428,0
3477,344,547,0
3478,344,972,0
3479,344,552,0
3480,344,576,0
3481,356,42,0
3482,370,693,0
3483,370,1032,0
3484,375,221,0
3485,375,179,0
3486,375,467,0
3487,375,790,0
3488,375,758,0
3489,375,524,0
3490,375,1173,0
3491,375,323,0
3492,375,472,0
3493,375,816,0
3494,375,839,0
3495,375,938,0
3496,375,1029,0
3497,375,379,0
3498,375,1351,0
3499,375,1406,0
3500,375,960,0
3501,375,473,0
3502,375,241,0
3503,375,288,0
3504,375,530,0
3505,375,1213,0
3506,375,251,0
3507,375,346,0
3508,375,1162,0
3509,375,1086,0
3510,375,747,0
3511,375,311,0
3512,375,970,0
3513,375,192,0
3514,375,661,0
3515,375,776,0
3516,375,799,0
3517,375,161,0
3518,375,401,0
3519,375,115,0
3520,375,329,0
3521,375,1150,0
3522,375,229,0
3523,375,378,0
3524,375,149,0
3525,375,360,0
3526,375,955,0
3527,375,1289,0
3528,375,452,0
3529,375,1342,0
3530,375,722,0
3531,375,1358,0
3532,375,1125,0
3533,375,206,0
3534,382,606,0
3535,382,1364,0
3536,382,1350,0
3537,382,999,0
3538,382,294,0
3539,387,1160,0
3540,387,863,0
3541,387,1183,0
3542,387,1443,0
3543,387,1340,0
3544,387,492,0
3545,387,148,0
3546,387,1367,0
3547,387,504,0
3548,387,1339,0
3549,387,129,0
3550,387,646,0
3551,387,1294,0
3552,387,218,0
3553,387,1299,0
3554,396,97,0
3555,396,300,0
3556,398,861,0
3557,398,1073,0
3558,398,778,0
3559,398,1042,0
3560,398,995,0
3561,398,1350,0
3562,398,289,0
3563,398,1409,0
3564,415,1365,0
3565,415,1124,0
3566,415,510,0
3567,415,1014,0
3568,415,762,0
3569,415,520,0
3570,415,406,0
3571,415,1202,0
3572,417,577,0
3573,417,601,0
3574,420,1105,0
3575,420,1261,0
3576,420,1393,0
3577,420,10,0
3578,420,349,0
3579,420,467,0
3580,420,183,0
3581,420,222,0
3582,420,663,0
3583,420,536,0
3584,420,297,0
3585,420,1368,0
3586,420,341,0
3587,420,1432,0
3588,420,531,0
3589,420,370,0
3590,420,1210,0
3591,420,1156,0
3592,420,1358,0
3593,420,441,0
3594,420,932,0
3595,420,699,0
3596,420,1356,0
3597,424,42,0
3598,424,374,0
3599,424,874,0
3600,424,427,0
3601,424,1088,0
3602,424,1382,0
3603,424,329,0
3604,424,1123,0
3605,424,980,0
3606,424,101,0
3607,424,657,0
3608,424,556,0
3609,424,926,0
3610,427,651,0
3611,427,762,0
3612,427,226,0
3613,427,868,0
3614,427,991,0
3615,427,220,0
3616,427,166,0
3617,427,858,0
3618,427,551,0
3619,427,1146,0
3620,427,608,0
3621,427,379,0
3622,427,369,0
3623,427,768,0
3624,427,118,0
3625,427,907,0
3626,427,1233,0
3627,427,1212,0
3628,427,510,0
3629,427,1396,0
3630,427,95,0
3631,427,174,0
3632,427,1172,0
3633,427,1227,0
3634,427,1052,0
3635,427,14,0
3636,427,1155,0
3637,427,774,0
3638,427,813,0
3639,427,54,0
3640,427,272,0
3641,427,720,0
3642,427,918,0
3643,427,370,0
3644,427,1084,0
3645,427,233,0
3646,427,169,0
3647,427,487,0
3648,427,86,0
3649,427,518,0
3650,427,52,0
3651,427,252,0
3652,427,1289,0
3653,427,478,0
3654,427,636,0
3655,427,821,0
3656,427,777,0
3657,427,419,0
3658,427,1057,0
3659,427,110,0
3660,427,126,0
3661,427,652,0
3662,427,234,0
3663,427,162,0
3664,427,364,0
3665,427,1013,0
3666,427,182,0
3667,427,450,0
3668,427,1038,0
3669,427,558,0
3670,427,1410,0
3671,427,1193,0
3672,427,455,0
3673,427,1149,0
3674,427,1206,0
3675,427,67,0
3676,427,1278,0
3677,427,78,0
3678,427,812,0
3679,427,1357,0
3680,427,1004,0
3681,427,35,0
3682,427,1195,0
3683,427,886,0
3684,427,1368,0
3685,427,1243,0
3686,427,22,0
3687,427,752,0
3688,427,365,0
3689,427,1142,0
3690,427,1122,0
3691,427,523,0
3692,427,830,0
3693,427,1120,0
3694,427,185,0
3695,427,130,0
3696,427,665,0
3697,427,83,0
3698,427,577,0
3699,427,990,0
3700,428,303,0
3701,434,482,0
3702,441,694,0
3703,444,551,0
3704,444,381,0
3705,444,103,0
3706,444,1071,0
3707,444,1162,0
3708,445,1333,0
3709,447,11,0
3710,447,729,0
3711,447,1308,0
3712,447,343,0
3713,447,397,0
3714,447,695,0
3715,447,557,0
3716,447,614,0
3717,447,390,0
3718,447,701,0
3719,447,931,0
3720,447,400,0
3721,447,993,0
3722,447,771,0
3723,447,734,0
3724,448,970,0
3725,448,909,0
3726,448,1299,0
3727,448,473,0
3728,448,217,0
3729,448,778,0
3730,448,1371,0
3731,448,472,0
3732,448,894,0
3733,448,674,0
3734,448,63,0
3735,448,1202,0
3736,448,643,0
3737,448,347,0
3738,448,140,0
3739,448,245,0
3740,448,1219,0
3741,448,1343,0
3742,448,806,0
3743,448,205,0
3744,448,1272,0
3745,448,1072,0
3746,448,833,0
3747,448,204,0
3748,448,1330,0
3749,448,1228,0
3750,448,521,0
3751,448,1188,0
3752,448,564,0
3753,448,1294,0
3754,448,533,0
3755,448,324,0
3756,448,974,0
3757,448,1383,0
3758,448,459,0
3759,448,716,0
3760,448,1326,0
3761,448,64,0
3762,448,1047,0
3763,448,1295,0
3764,448,94,0
3765,448,1243,0
3766,448,835,0
3767,448,897,0
3768,453,147,0
3769,453,1004,0
3770,467,866,0
3771,467,277,0
3772,467,1096,0
3773,467,1165,0
3774,467,849,0
3775,478,122,0
3776,491,533,0
3777,491,1446,0
3778,491,815,0
3779,491,1014,0
3780,491,1148,0
3781,493,972,0
3782,493,160,0
3783,493,116,0
3784,493,1356,0
3785,493,602,0
3786,494,614,0
3787,495,762,0
3788,495,211,0
3789,495,24,0
3790,495,662,0
3791,495,971,0
3792,495,149,0
3793,495,1430,0
3794,495,205,0
3795,501,1402,0
3796,501,380,0
3797,501,362,0
3798,501,844,0
3799,501,342,0
3800,501,885,0
3801,501,1224,0
3802,501,382,0
3803,501,900,0
3804,501,1125,0
3805,504,1164,0
3806,504,1208,0
3807,515,1299,0
3808,515,713,0
3809,515,323,0
3810,515,951,0
3811,516,314,0
3812,516,1376,0
3813,519,873,0
3814,521,397,0
3815,521,1217,0
3816,521,978,0
3817,521,1046,0
3818,521,897,0
3819,521,1317,0
3820,521,279,0
3821,533,557,0
3822,533,503,0
3823,534,1153,0
3824,540,145,0
3825,540,429,0
3826,540,464,0
3827,540,472,0
3828,540,426,0
3829,540,1386,0
3830,540,682,0
3831,540,1053,0
3832,540,622,0
3833,540,1003,0
3834,540,866,0
3835,540,1155,0
3836,540,683,0
3837,540,782,0
3838,540,236,0
3839,540,1311,0
3840,540,885,0
3841,540,708,0
3842,540,350,0
3843,540,962,0
3844,540,1,0
3845,540,436,0
3846,540,1005,0
3847,540,515,0
3848,550,1204,0
3849,550,477,0
3850,550,875,0
3851,550,1424,0
3852,550,244,0
3853,550,889,0
3854,550,1266,0
3855,550,743,0
3856,555,1114,0
3857,558,171,0
3858,558,1132,0
3859,558,1146,0
3860,558,508,0
3861,558,1178,0
3862,563,1200,0
3863,568,1342,0
3864,577,627,0
3865,577,442,0
3866,580,1444,0
3867,581,1076,0
3868,582,657,0
3869,582,706,0
3870,582,1413,0
3871,582,792,0
3872,585,93,0
3873,585,141,0
3874,585,139,0
3875,585,1350,0
3876,585,727,0
3877,585,563,0
3878,585,973,0
3879,585,1328,0
3880,587,263,0
3881,587,542,0
3882,587,1299,0
3883,587,740,0
3884,587,718,0
3885,587,582,0
3886,587,319,0
3887,587,317,0
3888,587,902,0
3889,587,955,0
3890,587,147,0
3891,587,320,0
3892,587,1188,0
3893,587,589,0
3894,587,964,0
3895,587,1042,0
3896,587,1151,0
3897,587,1090,0
3898,587,224,0
3899,587,97,0
3900,587,765,0
3901,587,801,0
3902,587,552,0
3903,587,1062,0
3904,587,1351,0
3905,587,282,0
3906,591,675,0
3907,591,180,0
3908,591,1375,0
3909,591,174,0
3910,592,1277,0
3911,592,706,0
3912,592,1041,0
3913,592,879,0
3914,595,1179,0
3915,595,946,0
3916,595,442,0
3917,595,639,0
3918,595,1385,0
3919,595,468,0
3920,595,1365,0
3921,596,1133,0
3922,596,243,0
3923,596,257,0
3924,596,1157,0
3925,596,891,0
3926,596,5,0
3927,596,113,0
3928,596,591,0
3929,596,552,0
3930,596,563,0
3931,596,490,0
3932,596,1182,0
3933,596,240,0
3934,597,761,0
3935,599,395,0
3936,599,767,0
3937,599,1073,0
3938,599,316,0
3939,599,229,0
3940,599,276,0
3941,603,252,0
3942,603,1324,0
3943,603,1280,0
3944,603,881,0
3945,610,282,0
3946,610,352,0
3947,610,135,0
3948,610,1343,0
3949,610,320,0
3950,610,1372,0
3951,610,315,0
3952,610,154,0
3953,610,932,0
3954,610,1444,0
3955,610,1243,0
3956,610,288,0
3957,610,269,0
3958,610,1227,0
3959,610,624,0
3960,610,1258,0
3961,610,575,0
3962,610,325,0
3963,610,687,0
3964,610,1000,0
3965,610,1300,0
3966,610,906,0
3967,610,1081,0
3968,610,374,0
3969,610,1197,0
3970,610,843,0
3971,610,764,0
3972,610,728,0
3973,610,881,0
3974,613,1076,0
3975,617,1257,0
3976,620,862,0
3977,620,594,0
3978,620,566,0
3979,620,1043,0
3980,625,906,0
3981,625,1086,0
3982,625,1295,0
3983,625,655,0
3984,625,929,0
3985,625,266,0
3986,625,392,0
3987,625,130,0
3988,625,987,0
3989,625,596,0
3990,626,1041,0
3991,626,655,0
3992,626,423,0
3993,626,123,0
3994,626,162,0
3995,626,491,0
3996,626,1240,0
3997,626,483,0
3998,628,1034,0
3999,631,1114,0
4000,631,136,0
4001,644,245,0
4002,644,741,0
4003,646,1314,0
4004,646,916,0
4005,659,1225,0
4006,661,758,0
4007,661,1289,0
4008,668,1114,0
4009,669,226,0
4010,669,108,0
4011,669,256,0
4012,669,635,0
4013,669,582,0
4014,669,1199,0
4015,669,1042,0
4016,669,1379,0
4017,669,777,0
4018,669,1324,0
4019,669,298,0
4020,669,880,0
4021,669,1140,0
4022,669,1085,0
4023,669,1364,0
4024,669,1262,0
4025,669,265,0
4026,669,1269,0
4027,669,332,0
4028,669,367,0
4029,669,98,0
4030,669,1304,0
4031,669,224,0
4032,669,724,0
4033,669,1360,0
4034,669,202,0
4035,669,1376,0
4036,669,35,0
4037,669,1002,0
4038,669,1126,0
4039,669,476,0
4040,669,414,0
4041,669,712,0
4042,669,247,0
4043,669,233,0
4044,669,1190,0
4045,669,284,0
4046,669,1168,0
4047,669,564,0
4048,669,765,0
4049,669,800,0
4050,669,1009,0
4051,669,309,0
4052,669,932,0
4053,669,152,0
4054,669,1127,0
4055,669,0,0
4056,669,322,0
4057,669,1049,0
4058,669,1166,0
4059,679,852,0
4060,679,590,0
4061,689,1013,0
4062,689,1142,0
4063,691,1153,0
4064,691,1443,0
4065,691,992,0
4066,691,910,0
4067,691,1285,0
4068,691,1166,0
4069,691,1261,0
4070,691,261,0
4071,692,348,0
4072,694,1147,0
4073,695,848,0
4074,695,965,0
4075,696,645,0
4076,696,531,0
4077,696,1442,0
4078,696,1315,0
4079,696,519,0
4080,696,161,0
4081,696,121,0
4082,696,321,0
4083,696,1287,0
4084,696,949,0
4085,696,418,0
4086,696,462,0
4087,696,475,0
4088,696,552,0
4089,696,720,0
4090,696,241,0
4091,696,904,0
4092,696,911,0
4093,696,896,0
4094,696,32,0
4095,696,45,0
4096,696,776,0
4097,696,908,0
4098,696,557,0
4099,696,715,0
4100,696,1046,0
4101,696,975,0
4102,696,820,0
4103,696,766,0
4104,696,1136,0
4105,696,80,0
4106,696,1324,0
4107,696,1279,0
4108,696,30,0
4109,696,279,0
4110,696,689,0
4111,696,499,0
4112,696,569,0
4113,696,762,0
4114,696,335,0
4115,696,1103,0
4116,696,373,0
4117,696,1323,0
4118,696,746,0
4119,696,377,0
4120,696,976,0
4121,696,1173,0
4122,696,573,0
4123,696,1351,0
4124,696,580,0
4125,696,137,0
4126,696,1316,0
4127,696,340,0
4128,696,456,0
4129,696,1311,0
4130,696,362,0
4131,696,1335,0
4132,696,308,0
4133,696,332,0
4134,696,1281,0
4135,696,13,0
4136,696,734,0
4137,696,973,0
4138,696,1381,0
4139,696,255,0
4140,696,1050,0
4141,696,1067,0
4142,696,529,0
4143,696,866,0
4144,696,927,0
4145,696,544,0
4146,696,1232,0
4147,696,104,0
4148,696,884,0
4149,696,760,0
4150,696,852,0
4151,696,1404,0
4152,696,1084,0
4153,696,200,0
4154,696,903,0
4155,696,637,0
4156,696,397,0
4157,696,583,0
4158,696,570,0
4159,696,1274,0
4160,696,1300,0
4161,696,614,0
4162,696,595,0
4163,696,466,0
4164,696,1061,0
4165,696,639,0
4166,696,43,0
4167,696,1154,0
4168,696,942,0
4169,696,116,0
4170,696,1226,0
4171,696,317,0
4172,696,982,0
4173,696,1190,0
4174,696,984,0
4175,696,103,0
4176,696,532,0
4177,696,1219,0
4178,696,879,0
4179,696,871,0
4180,696,957,0
4181,696,579,0
4182,696,815,0
4183,699,129,0
4184,702,1190,0
4185,711,822,0
4186,711,1137,0
4187,711,254,0
4188,711,1269,0
4189,711,563,0
4190,724,1110,0
4191,724,548,0
4192,724,674,0
4193,724,865,0
4194,724,203,0
4195,724,745,0
4196,724,926,0
4197,728,696,0
4198,731,805,0
4199,731,42,0
4200,731,1124,0
4201,731,1418,0
4202,732,1236,0
4203,732,124,0
4204,740,172,0
4205,740,1262,0
4206,740,1281,0
4207,740,1140,0
4208,740,601,0
4209,740,1081,0
4210,740,1129,0
4211,740,1309,0
4212,740,549,0
4213,740,959,0
4214,740,234,0
4215,740,756,0
4216,740,24,0
4217,740,614,0
4218,740,1330,0
4219,740,140,0
4220,740,744,0
4221,740,521,0
4222,740,378,0
4223,740,644,0
4224,740,1244,0
4225,740,855,0
4226,740,1318,0
4227,740,1084,0
4228,740,1171,0
4229,740,1413,0
4230,740,1349,0
4231,740,643,0
4232,740,631,0
4233,740,331,0
4234,740,1251,0
4235,740,556,0
4236,740,1359,0
4237,740,1236,0
4238,740,357,0
4239,740,62,0
4240,740,1047,0
4241,740,127,0
4242,740,890,0
4243,740,1093,0
4244,740,814,0
4245,740,394,0
4246,740,422,0
4247,740,523,0
4248,740,461,0
4249,740,426,0
4250,740,1215,0
4251,740,951,0
4252,740,1328,0
4253,740,1443,0
4254,740,1022,0
4255,740,819,0
4256,740,964,0
4257,740,299,0
4258,740,732,0
4259,743,1205,0
4260,745,556,0
4261,747,1240,0
4262,747,212,0
4263,747,596,0
4264,747,569,0
4265,747,400,0
4266,747,247,0
4267,747,693,0
4268,747,1069,0
4269,747,1115,0
4270,747,797,0
4271,747,453,0
4272,747,980,0
4273,747,1048,0
4274,747,22,0
4275,747,32,0
4276,747,1161,0
4277,747,1284,0
4278,747,264,0
4279,747,1230,0
4280,747,572,0
4281,747,993,0
4282,747,185,0
4283,747,946,0
4284,747,73,0
4285,747,284,0
4286,747,103,0
4287,747,71,0
4288,747,966,0
4289,747,564,0
4290,747,974,0
4291,747,278,0
4292,747,3,0
4293,747,312,0
4294,747,676,0
4295,747,849,0
4296,747,614,0
4297,747,12,0
4298,747,85,0
4299,747,516,0
4300,747,843,0
4301,747,163,0
4302,747,835,0
4303,747,1022,0
4304,747,62,0
4305,747,1439,0
4306,747,1081,0
4307,747,1095,0
4308,747,435,0
4309,747,1196,0
4310,747,18,0
4311,747,1410,0
4312,747,605,0
4313,747,1346,0
4314,747,1252,0
4315,747,1018,0
4316,747,40,0
4317,747,1447,0
4318,747,735,0
4319,747,1396,0
4320,747,733,0
4321,747,1279,0
4322,747,941,0
4323,747,886,0
4324,747,1220,0
4325,747,595,0
4326,747,82,0
4327,747,531,0
4328,747,165,0
4329,747,1441,0
4330,747,461,0
4331,747,935,0
4332,747,296,0
4333,747,889,0
4334,747,183,0
4335,747,199,0
4336,747,1171,0
4337,747,1219,0
4338,747,437,0
4339,747,1370,0
4340,747,81,0
4341,747,154,0
4342,747,1308,0
4343,747,957,0
4344,747,465,0
4345,747,226,0
4346,747,35,0
4347,747,1124,0
4348,747,459,0
4349,747,1012,0
4350,747,499,0
4351,747,303,0
4352,747,433,0
4353,747,1269,0
4354,747,686,0
4355,747,1007,0
4356,747,790,0
4357,754,954,0
4358,754,310,0
4359,756,1410,0
4360,756,896,0
4361,756,226,0
4362,756,1241,0
4363,756,164,0
4364,756,610,0
4365,756,945,0
4366,756,744,0
4367,756,150,0
4368,756,766,0
4369,756,724,0
4370,762,575,0
4371,763,1017,0
4372,763,895,0
4373,763,3,0
4374,763,444,0
4375,763,386,0
4376,763,254,0
4377,763,974,0
4378,763,289,0
4379,765,75,0
4380,770,841,0
4381,770,370,0
4382,779,799,0
4383,793,1159,0
4384,796,1397,0
4385,796,1338,0
4386,798,1026,0
4387,800,517,0
4388,800,513,0
4389,800,1123,0
4390,800,679,0
4391,800,341,0
4392,806,1310,0
4393,808,1280,0
4394,808,764,0
4395,810,1224,0
4396,810,903,0
4397,810,16,0
4398,810,1029,0
4399,810,1298,0
4400,810,424,0
4401,810,637,0
4402,822,176,0
4403,824,1252,0
4404,824,732,0
4405,824,24,0
4406,824,1349,0
4407,824,52,0
4408,824,613,0
4409,824,743,0
4410,824,1184,0
4411,824,1,0
4412,824,166,0
4413,824,1380,0
4414,824,726,0
4415,826,186,0
4416,826,576,0
4417,826,776,0
4418,826,794,0
4419,826,904,0
4420,826,748,0
4421,826,396,0
4422,826,1420,0
4423,826,1381,0
4424,826,1310,0
4425,826,373,0
4426,826,769,0
4427,826,1394,0
4428,826,1093,0
4429,826,1200,0
4430,826,986,0
4431,826,365,0
4432,826,88,0
4433,826,1040,0
4434,826,688,0
4435,826,1051,0
4436,826,566,0
4437,826,1151,0
4438,826,1082,0
4439,826,814,0
4440,826,309,0
4441,826,780,0
4442,826,448,0
4443,826,151,0
4444,826,1370,0
4445,826,1187,0
4446,826,1075,0
4447,826,967,0
4448,826,1321,0
4449,826,171,0
4450,826,545,0
4451,826,983,0
4452,826,182,0
4453,826,735,0
4454,826,1375,0
4455,826,495,0
4456,826,1256,0
4457,826,338,0
4458,826,37,0
4459,826,1060,0
4460,826,1299,0
4461,826,1025,0
4462,826,1145,0
4463,826,172,0
4464,826,775,0
4465,826,128,0
4466,826,722,0
4467,826,353,0
4468,826,439,0
4469,826,445,0
4470,826,1444,0
4471,826,384,0
4472,826,1130,0
4473,826,903,0
4474,826,303,0
4475,826,1008,0
4476,826,761,0
4477,826,1011,0
4478,826,339,0
4479,826,111,0
4480,826,1015,0
4481,826,100,0
4482,826,482,0
4483,826,51,0
4484,826,335,0
4485,826,1315,0
4486,826,724,0
4487,826,905,0
4488,826,1403,0
4489,826,56,0
4490,826,1282,0
4491,826,179,0
4492,826,459,0
4493,826,636,0
4494,826,742,0
4495,826,910,0
4496,826,1377,0
4497,826,890,0
4498,826,1111,0
4499,826,1224,0
4500,826,329,0
4501,826,290,0
4502,826,624,0
4503,826,383,0
4504,826,854,0
4505,826,492,0
4506,826,39,0
4507,826,1091,0
4508,826,1316,0
4509,826,146,0
4510,826,1415,0
4511,826,1042,0
4512,826,1124,0
4513,826,211,0
4514,826,283,0
4515,826,281,0
4516,826,1083,0
4517,826,815,0
4518,826,676,0
4519,826,1128,0
4520,826,323,0
4521,826,242,0
4522,826,1251,0
4523,826,1385,0
4524,826,784,0
4525,826,661,0
4526,826,935,0
4527,826,583,0
4528,826,1441,0
4529,826,1003,0
4530,826,420,0
4531,826,1007,0
4532,826,461,0
4533,826,690,0
4534,826,189,0
4535,826,623,0
4536,826,709,0
4537,826,634,0
4538,826,1356,0
4539,826,907,0
4540,826,289,0
4541,826,170,0
4542,826,417,0
4543,826,1101,0
4544,826,166,0
4545,826,45,0
4546,826,315,0
4547,826,93,0
4548,826,562,0
4549,826,736,0
4550,826,708,0
4551,826,12,0
4552,826,996,0
4553,826,1280,0
4554,826,72,0
4555,826,1170,0
4556,826,1017,0
4557,826,876,0
4558,826,1196,0
4559,826,955,0
4560,826,767,0
4561,826,558,0
4562,826,1430,0
4563,826,196,0
4564,826,390,0
4565,826,1046,0
4566,826,531,0
4567,826,1393,0
4568,826,1033,0
4569,826,273,0
4570,826,812,0
4571,826,1277,0
4572,826,511,0
4573,826,377,0
4574,826,269,0
4575,826,1278,0
4576,826,1199,0
4577,826,852,0
4578,826,551,0
4579,826,425,0
4580,826,1047,0
4581,826,466,0
4582,826,1276,0
4583,826,144,0
4584,826,639,0
4585,826,759,0
4586,826,103,0
4587,826,885,0
4588,826,1241,0
4589,826,393,0
4590,826,898,0
4591,826,27,0
4592,826,710,0
4593,826,570,0
4594,826,813,0
4595,826,1161,0
4596,826,368,0
4597,826,581,0
4598,826,418,0
4599,826,40,0
4600,826,460,0
4601,826,1136,0
4602,826,666,0
4603,826,1338,0
4604,826,849,0
4605,826,865,0
4606,826,789,0
4607,826,346,0
4608,826,647,0
4609,826,214,0
4610,826,1049,0
4611,826,672,0
4612,826,941,0
4613,826,779,0
4614,826,423,0
4615,826,1283,0
4616,826,1273,0
4617,826,588,0
4618,826,81,0
4619,826,728,0
4620,826,30,0
4621,826,969,0
4622,826,1287,0
4623,826,1077,0
4624,826,108,0
4625,826,430,0
4626,826,888,0
4627,826,433,0
4628,826,131,0
4629,826,1270,0
4630,826,190,0
4631,826,572,0
4632,826,343,0
4633,826,611,0
4634,826,1021,0
4635,826,291,0
4636,826,1432,0
4637,826,882,0
4638,826,1322,0
4639,826,716,0
4640,826,637,0
4641,826,502,0
4642,826,1076,0
4643,826,921,0
4644,826,1127,0
4645,826,1302,0
4646,826,1175,0
4647,826,1052,0
4648,826,1232,0
4649,826,615,0
4650,826,300,0
4651,826,42,0
4652,826,1126,0
4653,826,494,0
4654,826,915,0
4655,826,730,0
4656,826,1113,0
4657,826,221,0
4658,826,1296,0
4659,826,116,0
4660,826,1220,0
4661,826,1413,0
4662,826,453,0
4663,826,256,0
4664,829,1044,0
4665,835,634,0
4666,835,1181,0
4667,835,357,0
4668,835,874,0
4669,838,1230,0
4670,838,484,0
4671,838,655,0
4672,838,1364,0
4673,838,719,0
4674,838,142,0
4675,838,511,0
4676,838,229,0
4677,838,1155,0
4678,838,115,0
4679,838,1202,0
4680,838,889,0
4681,838,509,0
4682,838,1214,0
4683,838,1167,0
4684,838,324,0
4685,838,797,0
4686,838,592,0
4687,838,1403,0
4688,840,732,0
4689,853,1163,0
4690,853,508,0
4691,853,295,0
4692,853,565,0
4693,853,1262,0
4694,853,1250,0
4695,853,1331,0
4696,853,379,0
4697,853,786,0
4698,853,1050,0
4699,853,309,0
4700,853,39,0
4701,853,671,0
4702,853,440,0
4703,853,1103,0
4704,853,449,0
4705,853,837,0
4706,853,595,0
4707,853,1032,0
4708,853,1121,0
4709,853,1339,0
4710,853,73,0
4711,853,1360,0
4712,853,77,0
4713,853,1340,0
4714,853,1162,0
4715,853,551,0
4716,853,522,0
4717,853,908,0
4718,853,1101,0
4719,853,945,0
4720,853,820,0
4721,853,947,0
4722,853,738,0
4723,853,1115,0
4724,853,1417,0
4725,853,1240,0
4726,853,645,0
4727,853,573,0
4728,853,643,0
4729,853,1409,0
4730,853,1404,0
4731,853,135,0
4732,853,695,0
4733,853,194,0
4734,853,87,0
4735,853,690,0
4736,853,750,0
4737,853,1109,0
4738,853,835,0
4739,853,1077,0
4740,853,798,0
4741,853,855,0
4742,853,1275,0
4743,853,1430,0
4744,853,0,0
4745,853,579,0
4746,853,370,0
4747,853,1287,0
4748,853,777,0
4749,853,590,0
4750,853,1232,0
4751,853,216,0
4752,853,872,0
4753,853,1097,0
4754,853,834,0
4755,853,1328,0
4756,853,247,0
4757,853,339,0
4758,853,1305,0
4759,853,1134,0
4760,853,901,0
4761,853,33,0
4762,853,132,0
4763,853,767,0
4764,853,190,0
4765,853,1183,0
4766,853,419,0
4767,853,481,0
4768,853,582,0
4769,853,1064,0
4770,853,646,0
4771,853,540,0
4772,853,1034,0
4773,853,1439,0
4774,853,1079,0
4775,853,884,0
4776,853,439,0
4777,853,651,0
4778,853,1447,0
4779,853,986,0
4780,853,791,0
4781,853,167,0
4782,853,151,0
4783,853,1324,0
4784,853,1151,0
4785,853,355,0
4786,853,196,0
4787,853,429,0
4788,853,768,0
4789,853,764,0
4790,853,753,0
4791,853,395,0
4792,853,678,0
4793,853,668,0
4794,853,813,0
4795,853,1397,0
4796,853,917,0
4797,853,684,0
4798,853,277,0
4799,853,1395,0
4800,853,11,0
4801,853,106,0
4802,853,307,0
4803,853,1180,0
4804,853,526,0
4805,853,255,0
4806,853,1277,0
4807,853,558,0
4808,853,832,0
4809,853,828,0
4810,853,1423,0
4811,853,1090,0
4812,853,1426,0
4813,853,343,0
4814,853,484,0
4815,853,782,0
4816,853,712,0
4817,853,1372,0
4818,856,1036,0
4819,856,1389,0
4820,856,1297,0
4821,856,653,0
4822,863,292,0
4823,863,551,0
4824,863,466,0
4825,863,580,0
4826,863,46,0
4827,863,1023,0
4828,883,34,0
4829,883,687,0
4830,883,755,0
4831,883,330,0
4832,883,823,0
4833,883,897,0
4834,883,420,0
4835,883,219,0
4836,883,787,0
4837,883,830,0
4838,883,616,0
4839,883,1317,0
4840,883,1353,0
4841,883,867,0
4842,883,810,0
4843,883,509,0
4844,883,840,0
4845,883,164,0
4846,883,1373,0
4847,883,643,0
4848,885,776,0
4849,885,1432,0
4850,886,1301,0
4851,887,849,0
4852,887,306,0
4853,887,116,0
4854,887,1380,0
4855,887,196,0
4856,887,1035,0
4857,887,1136,0
4858,887,827,0
4859,887,1009,0
4860,887,99,0
4861,887,1057,0
4862,887,228,0
4863,887,261,0
4864,887,180,0
4865,887,742,0
4866,887,356,0
4867,887,317,0
4868,887,1308,0
4869,887,313,0
4870,887,676,0
4871,887,1157,0
4872,887,427,0
4873,887,1335,0
4874,887,906,0
4875,887,1225,0
4876,887,1277,0
4877,887,892,0
4878,887,878,0
4879,887,467,0
4880,887,1253,0
4881,887,1105,0
4882,887,250,0
4883,890,430,0
4884,890,548,0
4885,890,818,0
4886,890,380,0
4887,890,352,0
4888,896,1266,0
4889,896,637,0
4890,896,297,0
4891,896,1157,0
4892,896,1105,0
4893,896,938,0
4894,896,729,0
4895,896,609,0
4896,896,1148,0
4897,896,932,0
4898,896,12,0
4899,896,706,0
4900,896,1039,0
4901,896,1282,0
4902,896,495,0
4903,896,486,0
4904,896,1321,0
4905,903,729,0
4906,907,1346,0
4907,908,201,0
4908,908,649,0
4909,912,951,0
4910,912,115,0
4911,912,927,0
4912,912,1428,0
4913,918,278,0
4914,927,942,0
4915,927,528,0
4916,930,302,0
4917,930,1208,0
4918,930,158,0
4919,930,558,0
4920,930,157,0
4921,930,655,0
4922,930,794,0
4923,930,1191,0
4924,930,1441,0
4925,930,731,0
4926,930,64,0
4927,930,1093,0
4928,930,215,0
4929,930,330,0
4930,930,44,0
4931,930,688,0
4932,930,544,0
4933,930,1336,0
4934,930,642,0
4935,930,1045,0
4936,930,421,0
4937,930,137,0
4938,930,62,0
4939,930,263,0
4940,930,630,0
4941,930,10,0
4942,930,1181,0
4943,930,582,0
4944,930,807,0
4945,930,228,0
4946,930,910,0
4947,930,1429,0
4948,930,785,0
4949,930,918,0
4950,930,844,0
4951,930,742,0
4952,930,71,0
4953,930,97,0
4954,930,1279,0
4955,930,537,0
4956,930,1024,0
4957,930,65,0
4958,930,1154,0
4959,930,689,0
4960,930,660,0
4961,930,852,0
4962,930,990,0
4963,930,504,0
4964,930,467,0
4965,930,541,0
4966,930,477,0
4967,930,496,0
4968,930,86,0
4969,930,573,0
4970,930,14,0
4971,930,610,0
4972,930,1195,0
4973,930,342,0
4974,930,781,0
4975,930,1315,0
4976,930,602,0
4977,930,651,0
4978,930,212,0
4979,930,1276,0
4980,930,1406,0
4981,930,1245,0
4982,930,935,0
4983,930,1167,0
4984,930,1090,0
4985,930,214,0
4986,930,483,0
4987,930,567,0
4988,930,1241,0
4989,930,647,0
4990,930,1328,0
4991,930,1057,0
4992,930,143,0
4993,930,846,0
4994,930,94,0
4995,930,1155,0
4996,930,1319,0
4997,930,1193,0
4998,930,1296,0
4999,930,83,0
5000,930,198,0
5001,930,919,0
5002,930,197,0
5003,930,256,0
5004,930,1431,0
5005,930,970,0
5006,930,1305,0
5007,930,481,0
5008,930,1103,0
5009,930,459,0
5010,930,1183,0
5011,930,146,0
5012,930,1112,0
5013,930,1344,0
5014,930,1326,0
5015,930,863,0
5016,930,426,0
5017,930,849,0
5018,930,515,0
5019,930,1283,0
5020,930,28,0
5021,930,148,0
5022,930,1272,0
5023,930,906,0
5024,930,759,0
5025,930,1293,0
5026,930,346,0
5027,930,440,0
5028,930,178,0
5029,930,1027,0
5030,930,714,0
5031,930,1382,0
5032,930,624,0
5033,930,211,0
5034,930,362,0
5035,930,7,0
5036,930,799,0
5037,930,552,0
5038,930,24,0
5039,930,1168,0
5040,930,1357,0
5041,930,63,0
5042,930,817,0
5043,930,277,0
5044,930,322,0
5045,930,961,0
5046,930,1021,0
5047,930,111,0
5048,930,831,0
5049,930,1286,0
5050,930,1395,0
5051,930,858,0
5052,930,923,0
5053,930,967,0
5054,930,453,0
5055,930,823,0
5056,930,1023,0
5057,930,360,0
5058,930,1056,0
5059,930,355,0
5060,930,1396,0
5061,930,494,0
5062,930,1123,0
5063,930,771,0
5064,930,1359,0
5065,930,55,0
5066,930,82,0
5067,930,299,0
5068,930,207,0
5069,930,145,0
5070,930,321,0
5071,930,522,0
5072,930,1362,0
5073,930,555,0
5074,930,694,0
5075,930,58,0
5076,930,1140,0
5077,930,50,0
5078,930,474,0
5079,930,903,0
5080,930,696,0
5081,930,516,0
5082,930,754,0
5083,930,982,0
5084,930,1046,0
5085,930,345,0
5086,930,1442,0
5087,930,1125,0
5088,930,579,0
5089,930,681,0
5090,930,56,0
5091,930,529,0
5092,930,957,0
5093,930,138,0
5094,930,1310,0
5095,933,1032,0
5096,933,433,0
5097,936,1043,0
5098,940,382,0
5099,940,438,0
5100,940,135,0
5101,948,746,0
5102,948,1259,0
5103,948,736,0
5104,948,1049,0
5105,948,354,0
5106,948,505,0
5107,948,1287,0
5108,948,1223,0
5109,954,1137,0
5110,954,484,0
5111,959,1244,0
5112,959,1102,0
5113,959,266,0
5114,959,1405,0
5115,959,1154,0
5116,959,845,0
5117,959,292,0
5118,959,1344,0
5119,959,32,0
5120,959,645,0
5121,959,644,0
5122,959,1042,0
5123,959,445,0
5124,959,1201,0
5125,959,291,0
5126,959,531,0
5127,959,783,0
5128,959,536,0
5129,959,1145,0
5130,959,1379,0
5131,959,400,0
5132,960,557,0
5133,969,510,0
5134,969,240,0
5135,969,504,0
5136,969,913,0
5137,980,309,0
5138,992,116,0
5139,992,625,0
5140,992,891,0
5141,992,140,0
5142,992,535,0
5143,992,196,0
5144,992,432,0
5145,992,475,0
5146,992,1225,0
5147,992,1245,0
5148,992,942,0
5149,992,1045,0
5150,992,807,0
5151,992,1179,0
5152,992,570,0
5153,992,453,0
5154,1007,1068,0
5155,1007,1394,0
5156,1010,938,0
5157,1014,313,0
5158,1014,783,0
5159,1014,1040,0
5160,1014,583,0
5161,1014,166,0
5162,1014,855,0
5163,1014,662,0
5164,1014,792,0
5165,1014,611,0
5166,1014,936,0
5167,1014,446,0
5168,1014,1315,0
5169,1014,660,0
5170,1014,938,0
5171,1014,677,0
5172,1014,66,0
5173,1014,790,0
5174,1014,1209,0
5175,1014,1113,0
5176,1014,488,0
5177,1014,723,0
5178,1014,848,0
5179,1014,54,0
5180,1014,501,0
5181,1014,1444,0
5182,1014,781,0
5183,1014,1015,0
5184,1014,635,0
5185,1014,1270,0
5186,1014,190,0
5187,1014,406,0
5188,1016,442,0
5189,1016,991,0
5190,1016,919,0
5191,1016,615,0
5192,1016,1281,0
5193,1016,1164,0
5194,1016,739,0
5195,1016,527,0
5196,1016,791,0
5197,1016,931,0
5198,1016,936,0
5199,1016,1047,0
5200,1016,1363,0
5201,1016,670,0
5202,1016,1246,0
5203,1016,1419,0
5204,1016,603,0
5205,1016,1031,0
5206,1016,533,0
5207,1016,1033,0
5208,1016,168,0
5209,1016,823,0
5210,1016,1425,0
5211,1016,548,0
5212,1016,993,0
5213,1016,840,0
5214,1026,1066,0
5215,1026,220,0
5216,1030,760,0
5217,1033,451,0
5218,1033,924,0
5219,1033,1076,0
5220,1033,506,0
5221,1033,1291,0
5222,1033,1152,0
5223,1033,798,0
5224,1033,537,0
5225,1033,910,0
5226,1033,1048,0
5227,1033,139,0
5228,1033,948,0
5229,1036,1233,0
5230,1036,1023,0
5231,1036,740,0
5232,1036,565,0
5233,1038,446,0
5234,1038,879,0
5235,1042,404,0
5236,1042,124,0
5237,1042,313,0
5238,1042,24,0
5239,1042,888,0
5240,1059,1061,0
5241,1062,905,0
5242,1067,9,0
5243,1074,801,0
5244,1074,546,0
5245,1074,286,0
5246,1074,755,0
5247,1074,1360,0
5248,1074,1418,0
5249,1074,244,0
5250,1074,670,0
5251,1074,1226,0
5252,1078,547,0
5253,1078,1163,0
5254,1078,1058,0
5255,1078,178,0
5256,1078,1236,0
5257,1083,123,0
5258,1093,1142,0
5259,1098,592,0
5260,1101,183,0
5261,1101,1400,0
5262,1101,56,0
5263,1101,550,0
5264,1115,1083,0
5265,1119,483,0
5266,1127,1244,0
5267,1127,1016,0
5268,1127,287,0
5269,1127,164,0
5270,1127,1284,0
5271,1127,1126,0
5272,1127,861,0
5273,1127,1204,0
5274,1127,640,0
5275,1127,847,0
5276,1127,922,0
5277,1127,1412,0
5278,1127,1111,0
5279,1127,659,0
5280,1127,772,0
5281,1127,720,0
5282,1127,759,0
5283,1127,765,0
5284,1127,298,0
5285,1127,658,0
5286,1127,320,0
5287,1127,613,0
5288,1127,1330,0
5289,1127,711,0
5290,1127,800,0
5291,1127,675,0
5292,1127,159,0
5293,1127,947,0
5294,1127,422,0
5295,1127,1278,0
5296,1127,806,0
5297,1127,1051,0
5298,1127,749,0
5299,1127,368,0
5300,1127,25,0
5301,1127,1247,0
5302,1127,775,0
5303,1127,888,0
5304,1127,774,0
5305,1127,414,0
5306,1127,109,0
5307,1127,419,0
5308,1127,495,0
5309,1127,291,0
5310,1127,207,0
5311,1127,895,0
5312,1127,1085,0
5313,1129,697,0
5314,1130,155,0
5315,1130,211,0
5316,1133,203,0
5317,1133,676,0
5318,1133,501,0
5319,1133,694,0
5320,1133,755,0
5321,1133,404,0
5322,1133,1254,0
5323,1133,294,0
5324,1133,887,0
5325,1133,1176,0
5326,1133,1149,0
5327,1133,1004,0
5328,1133,426,0
5329,1133,167,0
5330,1133,706,0
5331,1133,482,0
5332,1133,221,0
5333,1133,602,0
5334,1133,8,0
5335,1133,416,0
5336,1133,89,0
5337,1133,1435,0
5338,1133,793,0
5339,1133,1334,0
5340,1133,1278,0
5341,1133,686,0
5342,1133,159,0
5343,1133,986,0
5344,1133,360,0
5345,1133,491,0
5346,1133,1106,0
5347,1147,532,0
5348,1147,1365,0
5349,1148,944,0
5350,1148,437,0
5351,1148,1260,0
5352,1148,784,0
5353,1148,977,0
5354,1148,277,0
5355,1148,85,0
5356,1148,48,0
5357,1148,900,0
5358,1148,1269,0
5359,1148,721,0
5360,1148,809,0
5361,1148,382,0
5362,1148,1162,0
5363,1148,299,0
5364,1148,398,0
5365,1148,132,0
5366,1148,1374,0
5367,1148,952,0
5368,1148,796,0
5369,1148,336,0
5370,1148,1316,0
5371,1148,384,0
5372,1148,305,0
5373,1148,1208,0
5374,1148,1243,0
5375,1151,938,0
5376,1152,481,0
5377,1154,118,0
5378,1154,523,0
5379,1154,1261,0
5380,1154,1179,0
5381,1169,1443,0
5382,1169,280,0
5383,1169,534,0
5384,1169,739,0
5385,1169,913,0
5386,1169,1447,0
5387,1169,991,0
5388,1169,806,0
5389,1169,496,0
5390,1169,891,0
5391,1169,428,0
5392,1169,1107,0
5393,1169,254,0
5394,1175,1424,0
5395,1175,220,0
5396,1175,130,0
5397,1175,105,0
5398,1175,1430,0
5399,1175,217,0
5400,1175,1377,0
5401,1175,1080,0
5402,1175,1301,0
5403,1175,858,0
5404,1175,1073,0
5405,1175,349,0
5406,1175,1248,0
5407,1175,888,0
5408,1175,713,0
5409,1175,1386,0
5410,1175,71,0
5411,1175,528,0
5412,1175,261,0
5413,1175,11,0
5414,1175,1172,0
5415,1175,1252,0
5416,1175,180,0
5417,1175,334,0
5418,1175,525,0
5419,1175,295,0
5420,1175,1194,0
5421,1175,1217,0
5422,1175,690,0
5423,1175,852,0
5424,1175,970,0
5425,1175,838,0
5426,1175,1193,0
5427,1175,772,0
5428,1175,242,0
5429,1175,472,0
5430,1175,1188,0
5431,1175,1258,0
5432,1175,926,0
5433,1175,207,0
5434,1180,1437,0
5435,1180,93,0
5436,1185,252,0
5437,1185,547,0
5438,1185,984,0
5439,1185,605,0
5440,1190,831,0
5441,1191,579,0
5442,1191,537,0
5443,1191,1382,0
5444,1191,1309,0
5445,1191,953,0
5446,1191,702,0
5447,1191,465,0
5448,1191,181,0
5449,1194,1182,0
5450,1194,380,0
5451,1194,64,0
5452,1194,763,0
5453,1194,390,0
5454,1194,115,0
5455,1194,627,0
5456,1194,967,0
5457,1196,190,0
5458,1196,717,0
5459,1196,754,0
5460,1196,508,0
5461,1196,334,0
5462,1207,269,0
5463,1207,1367,0
5464,1208,998,0
5465,1208,858,0
5466,1208,224,0
5467,1208,985,0
5468,1209,593,0
5469,1209,1258,0
5470,1210,1249,0
5471,1210,1158,0
5472,1215,1184,0
5473,1215,413,0
5474,1215,719,0
5475,1215,239,0
5476,1215,752,0
5477,1215,357,0
5478,1215,306,0
5479,1215,504,0
5480,1215,1319,0
5481,1215,646,0
5482,1215,978,0
5483,1215,1402,0
5484,1215,352,0
5485,1215,367,0
5486,1215,1096,0
5487,1215,692,0
5488,1218,1034,0
5489,1218,666,0
5490,1218,352,0
5491,1218,337,0
5492,1218,1331,0
5493,1218,106,0
5494,1218,340,0
5495,1218,521,0
5496,1218,771,0
5497,1218,623,0
5498,1218,996,0
5499,1218,615,0
5500,1218,276,0
5501,1218,136,0
5502,1218,863,0
5503,1218,537,0
5504,1218,1414,0
5505,1218,1305,0
5506,1218,1016,0
5507,1218,746,0
5508,1218,1147,0
5509,1218,641,0
5510,1218,39,0
5511,1218,1102,0
5512,1218,259,0
5513,1218,154,0
5514,1218,74,0
5515,1218,561,0
5516,1218,529,0
5517,1218,878,0
5518,1218,415,0
5519,1218,1360,0
5520,1218,760,0
5521,1218,1117,0
5522,1218,1170,0
5523,1218,749,0
5524,1218,904,0
5525,1218,1199,0
5526,1218,918,0
5527,1218,650,0
5528,1218,573,0
5529,1218,577,0
5530,1218,391,0
5531,1218,1007,0
5532,1218,1286,0
5533,1218,1241,0
5534,1218,1095,0
5535,1218,1079,0
5536,1218,1032,0
5537,1218,16,0
5538,1218,657,0
5539,1218,527,0
5540,1218,602,0
5541,1218,459,0
5542,1218,826,0
5543,1218,705,0
5544,1218,1262,0
5545,1218,42,0
5546,1218,881,0
5547,1218,1380,0
5548,1218,1273,0
5549,1218,541,0
5550,1218,1059,0
5551,1218,744,0
5552,1218,813,0
5553,1218,861,0
5554,1218,750,0
5555,1218,258,0
5556,1223,1400,0
5557,1223,1190,0
5558,1223,945,0
5559,1231,1074,0
5560,1233,12,0
5561,1237,708,0
5562,1237,1079,0
5563,1237,1385,0
5564,1237,1197,0
5565,1237,217,0
5566,1242,1203,0
5567,1242,1297,0
5568,1242,814,0
5569,1242,937,0
5570,1249,617,0
5571,1249,916,0
5572,1249,105,0
5573,1249,492,0
5574,1249,898,0
5575,1249,289,0
5576,1249,1228,0
5577,1249,920,0
5578,1249,1245,0
5579,1249,324,0
5580,1249,1263,0
5581,1249,793,0
5582,1249,1112,0
5583,1249,1331,0
5584,1249,282,0
5585,1249,510,0
5586,1254,663,0
5587,1254,1357,0
5588,1254,467,0
5589,1254,1129,0
5590,1254,34,0
5591,1254,1004,0
5592,1254,598,0
5593,1254,51,0
5594,1254,1143,0
5595,1254,603,0
5596,1254,1297,0
5597,1254,349,0
5598,1254,306,0
5599,1254,1061,0
5600,1254,351,0
5601,1254,632,0
5602,1254,589,0
5603,1254,1242,0
5604,1254,1107,0
5605,1254,1203,0
5606,1254,575,0
5607,1254,1239,0
5608,1254,744,0
5609,1254,637,0
5610,1254,1441,0
5611,1254,256,0
5612,1254,448,0
5613,1254,368,0
5614,1254,106,0
5615,1254,136,0
5616,1254,840,0
5617,1254,541,0
5618,1254,75,0
5619,1254,47,0
5620,1261,1039,0
5621,1261,1421,0
5622,1263,1446,0
5623,1263,461,0
5624,1266,1142,0
5625,1266,1327,0
5626,1282,1407,0
5627,1288,95,0
5628,1288,141,0
5629,1288,678,0
5630,1288,377,0
5631,1288,207,0
5632,1288,1132,0
5633,1288,1283,0
5634,1288,1387,0
5635,1288,1234,0
5636,1288,323,0
5637,1288,295,0
5638,1288,371,0
5639,1288,1012,0
5640,1288,637,0
5641,1288,683,0
5642,1288,254,0
5643,1291,840,0
5644,1295,1351,0
5645,1295,571,0
5646,1299,40,0
5647,1299,270,0
5648,1306,710,0
5649,1306,63,0
5650,1306,1385,0
5651,1306,1299,0
5652,1306,1443,0
5653,1308,815,0
5654,1312,652,0
5655,1312,654,0
5656,1313,74,0
5657,1313,234,0
5658,1314,238,0
5659,1314,432,0
5660,1314,915,0
5661,1314,546,0
5662,1329,697,0
5663,1329,1071,0
5664,1329,1117,0
5665,1329,814,0
5666,1329,488,0
5667,1329,557,0
5668,1329,420,0
5669,1329,686,0
5670,1329,854,0
5671,1331,731,0
5672,1331,203,0
5673,1340,371,0
5674,1340,294,0
5675,1344,777,0
5676,1344,221,0
5677,1344,202,0
5678,1346,840,0
5679,1349,702,0
5680,1349,36,0
5681,1349,161,0
5682,1353,1337,0
5683,1353,1007,0
5684,1356,685,0
5685,1362,1116,0
5686,1363,1160,0
5687,1364,220,0
5688,1364,978,0
5689,1364,471,0
5690,1364,1248,0
5691,1364,600,0
5692,1364,500,0
5693,1364,1117,0
5694,1364,552,0
5695,1364,1213,0
5696,1364,1416,0
5697,1364,643,0
5698,1364,483,0
5699,1364,485,0
5700,1364,1141,0
5701,1364,1019,0
5702,1364,1135,0
5703,1364,21,0
5704,1364,1024,0
5705,1364,1047,0
5706,1364,248,0
5707,1364,439,0
5708,1364,792,0
5709,1364,84,0
5710,1364,1431,0
5711,1364,941,0
5712,1364,1240,0
5713,1364,209,0
5714,1364,1144,0
5715,1365,360,0
5716,1365,1212,0
5717,1377,1432,0
5718,1377,335,0
5719,1383,30,0
5720,1383,1395,0
5721,1390,768,0
5722,1401,1051,0
5723,1401,1288,0
5724,1401,1190,0
5725,1402,1082,0
5726,1402,590,0
5727,1402,1239,0
5728,1402,1376,0
5729,1403,1234,0
5730,1403,606,0
5731,1411,523,0
5732,1411,1123,0
5733,1413,393,0
5734,1414,285,0
5735,1414,870,0
5736,1418,844,0
5737,1418,554,0
5738,1418,973,0
5739,1418,505,0
5740,1425,183,0
5741,1425,1426,0
5742,1440,1128,0
5743,1441,1046,0
5744,1443,517,0
5745,1443,821,0
5746,1445,1170,0
5747,1445,498,0
5748,1445,82,0
5749,1445,81,0
